step,seed,agent,controller,raw_action,executed_action,expert_action,shield_intervened,q_margin,state_0,state_1,state_2,state_3,state_4,state_5,state_6,state_7,state_8,state_9,state_10,state_11,state_12,state_13,state_14,state_15,state_16,state_17,state_18,state_19,state_20,state_21,state_22,state_23,state_24,state_25,q_0,q_1,q_2,q_3,mask_0,mask_1,mask_2,mask_3
0.0,1491,1,dqn_shielded,0,0,0,0,8.620020866394043,1.0,0.0,0.0,0.0,0.0,0.0,0.0,0.0,0.0,0.0,0.0,0.0,0.0,0.0,0.0,0.0,0.0,0.0,0.0,0.0,0.0,0.0,1.0,0.0,0.0,0.0,-0.2681697607040405,-9.305268287658691,-8.888190269470215,-10.37585163116455,1,0,0,0
0.0,1491,2,dqn_shielded,0,0,0,0,8.066967010498047,1.0,0.0,0.0,0.0,0.0,0.0,0.0,0.0,0.0,0.0,0.0,0.0,0.0,0.0,0.0,0.0,0.0,0.0,0.0,0.0,0.0,0.0,0.0,1.0,0.0,0.0,0.15729990601539612,-9.044270515441895,-7.909667491912842,-9.962981224060059,1,0,0,0
0.0,1491,5,dqn_shielded,0,0,0,0,8.481938362121582,1.0,0.0,0.0,0.0,0.0,0.0,0.0,0.0,0.0,0.0,0.0,0.0,0.0,0.0,0.0,0.0,0.0,0.0,0.0,0.0,0.0,0.0,0.0,0.0,1.0,0.0,0.0445827841758728,-9.011284828186035,-8.437355995178223,-10.255986213684082,1,0,0,0
0.0,1491,6,dqn_shielded,0,0,0,0,7.730100154876709,1.0,0.0,0.0,0.0,0.0,0.0,0.0,0.0,0.0,0.0,0.0,0.0,0.0,0.0,0.0,0.0,0.0,0.0,0.0,0.0,0.0,0.0,0.0,0.0,0.0,1.0,0.30729496479034424,-7.671370506286621,-7.422805309295654,-8.850297927856445,1,0,0,0
5.0,1491,1,dqn_shielded,0,0,0,0,8.631559371948242,1.0,0.0,0.0,0.0,0.0,0.0,0.0,0.0,0.0,0.0,0.0,0.0,0.0,0.0,0.0,0.0,0.0,0.0,0.0,0.0,0.0,0.008333333767950535,1.0,0.0,0.0,0.0,-0.27111297845840454,-9.326366424560547,-8.90267276763916,-10.398754119873047,1,0,0,0
5.0,1491,2,dqn_shielded,0,0,0,0,8.093461036682129,1.0,0.0,0.0,0.0,0.0,0.0,0.0,0.0,0.0,0.0,0.0,0.0,0.0,0.0,0.0,0.0,0.0,0.0,0.0,0.0,0.0,0.008333333767950535,0.0,1.0,0.0,0.0,0.1562654972076416,-9.068689346313477,-7.937195777893066,-9.990900993347168,1,0,0,0
5.0,1491,5,dqn_shielded,0,0,0,0,8.5048189163208,1.0,0.0,0.0,0.0,0.0,0.0,0.0,0.0,0.0,0.0,0.0,0.0,0.0,0.0,0.0,0.0,0.0,0.0,0.0,0.0,0.0,0.008333333767950535,0.0,0.0,1.0,0.0,0.04311245679855347,-9.041399002075195,-8.461706161499023,-10.285459518432617,1,0,0,0
5.0,1491,6,dqn_shielded,0,0,0,0,7.756303787231445,1.0,0.0,0.0,0.0,0.0,0.0,0.0,0.0,0.0,0.0,0.0,0.0,0.0,0.0,0.0,0.0,0.0,0.0,0.0,0.0,0.0,0.008333333767950535,0.0,0.0,0.0,1.0,0.3066336214542389,-7.699563980102539,-7.449670314788818,-8.878673553466797,1,0,0,0
10.0,1491,1,dqn_shielded,0,0,0,0,2.6657333374023438,1.0,0.0,0.0,0.0,1.0,0.0,0.0,0.0,0.0,0.0,0.0,0.0,0.0,0.0,0.0,0.0,0.0,0.0,0.0,0.0,0.0,0.01666666753590107,1.0,0.0,0.0,0.0,-0.2962385416030884,-4.092859268188477,-3.6995792388916016,-2.9619717597961426,1,1,1,1
10.0,1491,2,dqn_shielded,0,0,0,0,2.267712354660034,1.0,0.0,0.0,0.0,1.0,0.0,0.0,0.0,0.0,0.0,0.0,0.0,0.0,0.0,0.0,0.0,0.0,0.0,0.0,0.0,0.0,0.01666666753590107,0.0,1.0,0.0,0.0,0.1888233870267868,-2.342970371246338,-2.0788888931274414,-2.1354246139526367,1,1,1,1
10.0,1491,5,dqn_shielded,0,0,0,0,2.016845703125,1.0,0.0,0.0,0.0,1.0,0.0,0.0,0.0,0.0,0.0,0.0,0.0,0.0,0.0,0.0,0.0,0.0,0.0,0.0,0.0,0.0,0.01666666753590107,0.0,0.0,1.0,0.0,0.18405592441558838,-1.9929043054580688,-1.8327898979187012,-2.2599081993103027,1,1,1,1
10.0,1491,6,dqn_shielded,0,0,0,0,2.012343168258667,1.0,0.0,0.0,0.0,1.0,0.0,0.0,0.0,0.0,0.0,0.0,0.0,0.0,0.0,0.0,0.0,0.0,0.0,0.0,0.0,0.0,0.01666666753590107,0.0,0.0,0.0,1.0,0.3888121545314789,-2.0871803760528564,-1.6235311031341553,-2.481874704360962,1,1,1,1
15.0,1491,1,dqn_shielded,0,0,0,0,2.6607577800750732,1.0,0.0,0.0,0.0,1.0,0.0,0.0,0.0,0.0,0.0,0.0,0.0,0.0,0.0,0.0,0.0,0.0,0.0,0.0,0.0,0.0,0.02500000037252903,1.0,0.0,0.0,0.0,-0.29755479097366333,-4.093332290649414,-3.693023920059204,-2.958312511444092,1,1,1,1
15.0,1491,2,dqn_shielded,0,0,0,0,2.2777211666107178,1.0,0.0,0.0,0.0,1.0,0.0,0.0,0.0,0.0,0.0,0.0,0.0,0.0,0.0,0.0,0.0,0.0,0.0,0.0,0.0,0.0,0.02500000037252903,0.0,1.0,0.0,0.0,0.1844080090522766,-2.3581366539001465,-2.093313217163086,-2.1491281986236572,1,1,1,1
15.0,1491,5,dqn_shielded,0,0,0,0,2.0350403785705566,1.0,0.0,0.0,0.0,1.0,0.0,0.0,0.0,0.0,0.0,0.0,0.0,0.0,0.0,0.0,0.0,0.0,0.0,0.0,0.0,0.0,0.02500000037252903,0.0,0.0,1.0,0.0,0.17922651767730713,-2.0135364532470703,-1.855813980102539,-2.2738633155822754,1,1,1,1
15.0,1491,6,dqn_shielded,0,0,0,0,2.0122623443603516,1.0,0.0,0.0,0.0,1.0,0.0,0.0,0.0,0.0,0.0,0.0,0.0,0.0,0.0,0.0,0.0,0.0,0.0,0.0,0.0,0.0,0.02500000037252903,0.0,0.0,0.0,1.0,0.3866370916366577,-2.092111349105835,-1.6256252527236938,-2.4843523502349854,1,1,1,1
20.0,1491,1,dqn_shielded,2,2,2,0,1.7822233438491821,1.0,0.0,0.0,0.0,1.0,0.0,0.0,0.0996679961681366,0.0,0.0,0.0,0.0996679961681366,0.0,0.0,0.0,0.0,0.0,0.049958374351263046,0.012499349191784859,0.049958374351263046,0.021647252142429352,0.03333333507180214,1.0,0.0,0.0,0.0,-2.643601417541504,-3.4847724437713623,-0.2946370840072632,-2.0768604278564453,1,1,1,1
20.0,1491,2,dqn_shielded,0,0,0,0,2.095494031906128,1.0,0.0,0.0,0.0,1.0,0.0,0.0,0.0,0.0,0.0,0.0,0.0,0.0,0.0,0.0,0.0,0.0,0.0,0.012499349191784859,0.049958374351263046,0.021647252142429352,0.03333333507180214,0.0,1.0,0.0,0.0,0.15481522679328918,-2.3023288249969482,-1.9406788349151611,-2.0481631755828857,1,1,1,1
20.0,1491,5,dqn_shielded,0,0,0,0,1.8025341033935547,1.0,0.0,0.0,0.0,1.0,0.0,0.0,0.0,0.0,0.0,0.0,0.0,0.0,0.0,0.0,0.0,0.0,0.0,0.012499349191784859,0.049958374351263046,0.021647252142429352,0.03333333507180214,0.0,0.0,1.0,0.0,0.2233709692955017,-1.8014678955078125,-1.5791630744934082,-1.995591163635254,1,1,1,1
20.0,1491,6,dqn_shielded,0,0,0,0,1.8859134912490845,1.0,0.0,0.0,0.0,1.0,0.0,0.0,0.0,0.0,0.0,0.0,0.0,0.0,0.0,0.0,0.0,0.0,0.0,0.012499349191784859,0.049958374351263046,0.021647252142429352,0.03333333507180214,0.0,0.0,0.0,1.0,0.3491303622722626,-2.0779242515563965,-1.5367830991744995,-2.4005167484283447,1,1,1,1
25.0,1491,1,dqn_shielded,2,2,2,0,8.784923553466797,0.0,0.0,1.0,0.0,0.0,0.0,0.0,0.0,0.0,0.0,0.0,0.0,0.0,0.0,0.0,0.0,0.0,0.0,0.012499349191784859,0.049958374351263046,0.021647252142429352,0.0416666679084301,1.0,0.0,0.0,0.0,-9.855700492858887,-9.492820739746094,-0.2918722629547119,-9.07679557800293,0,0,1,0
25.0,1491,2,dqn_shielded,0,0,0,0,2.104240655899048,1.0,0.0,0.0,0.0,1.0,0.0,0.0,0.0,0.0,0.0,0.0,0.0,0.0,0.0,0.0,0.0,0.0,0.0,0.012499349191784859,0.049958374351263046,0.021647252142429352,0.0416666679084301,0.0,1.0,0.0,0.0,0.15022563934326172,-2.3182623386383057,-1.9540150165557861,-2.0597991943359375,1,1,1,1
25.0,1491,5,dqn_shielded,2,2,2,0,2.040623188018799,1.0,0.0,0.0,0.0,1.0,0.0,0.0,0.0996679961681366,0.0,0.0,0.0,0.0996679961681366,0.0,0.0,0.0,0.0,0.0,0.049958374351263046,0.012499349191784859,0.049958374351263046,0.021647252142429352,0.0416666679084301,0.0,0.0,1.0,0.0,-1.7837210893630981,-1.8763518333435059,0.25690218806266785,-2.070546865463257,1,1,1,1
25.0,1491,6,dqn_shielded,0,0,0,0,1.886857509613037,1.0,0.0,0.0,0.0,1.0,0.0,0.0,0.0,0.0,0.0,0.0,0.0,0.0,0.0,0.0,0.0,0.0,0.0,0.012499349191784859,0.049958374351263046,0.021647252142429352,0.0416666679084301,0.0,0.0,0.0,1.0,0.3465679883956909,-2.0855228900909424,-1.5402895212173462,-2.405062675476074,1,1,1,1
30.0,1491,1,dqn_shielded,2,2,2,0,2.1166579723358154,0.0,0.0,1.0,0.0,1.0,0.0,0.0,0.0,0.0,0.0,0.0,0.0,0.0,0.0,0.0,0.0,0.0,0.0,0.0,0.0,0.0,0.05000000074505806,1.0,0.0,0.0,0.0,-4.008764743804932,-3.2689194679260254,-0.2283654361963272,-2.3450233936309814,1,1,1,1
30.0,1491,2,dqn_shielded,0,0,0,0,2.3078248500823975,1.0,0.0,0.0,0.0,1.0,0.0,0.0,0.0,0.0,0.0,0.0,0.0,0.0,0.0,0.0,0.0,0.0,0.0,0.0,0.0,0.0,0.05000000074505806,0.0,1.0,0.0,0.0,0.17099730670452118,-2.402834892272949,-2.1368274688720703,-2.1902453899383545,1,1,1,1
30.0,1491,5,dqn_shielded,2,2,2,0,9.093891143798828,0.0,0.0,1.0,0.0,0.0,0.0,0.0,0.0,0.0,0.0,0.0,0.0,0.0,0.0,0.0,0.0,0.0,0.0,0.0,0.0,0.0,0.05000000074505806,0.0,0.0,1.0,0.0,-10.34869384765625,-9.048847198486328,0.0450437068939209,-9.137879371643066,0,0,1,0
30.0,1491,6,dqn_shielded,0,0,0,0,2.013622760772705,1.0,0.0,0.0,0.0,1.0,0.0,0.0,0.0,0.0,0.0,0.0,0.0,0.0,0.0,0.0,0.0,0.0,0.0,0.0,0.0,0.0,0.05000000074505806,0.0,0.0,0.0,1.0,0.3776170313358307,-2.1122567653656006,-1.6360056400299072,-2.495149612426758,1,1,1,1
35.0,1491,1,dqn_shielded,2,2,2,0,2.12494158744812,0.0,0.0,1.0,0.0,1.0,0.0,0.0,0.0,0.0,0.0,0.0,0.0,0.0,0.0,0.0,0.0,0.0,0.0,0.0,0.0,0.0,0.05833333358168602,1.0,0.0,0.0,0.0,-4.016305446624756,-3.271854877471924,-0.22905486822128296,-2.353996515274048,1,1,1,1
35.0,1491,2,dqn_shielded,0,0,0,0,2.3177249431610107,1.0,0.0,0.0,0.0,1.0,0.0,0.0,0.0,0.0,0.0,0.0,0.0,0.0,0.0,0.0,0.0,0.0,0.0,0.0,0.0,0.0,0.05833333358168602,0.0,1.0,0.0,0.0,0.16639204323291779,-2.4178569316864014,-2.1513328552246094,-2.203979253768921,1,1,1,1
35.0,1491,5,dqn_shielded,2,2,2,0,2.51106333732605,0.0,0.0,1.0,0.0,1.0,0.0,0.0,0.0,0.0,0.0,0.0,0.0,0.0,0.0,0.0,0.0,0.0,0.0,0.0,0.0,0.0,0.05833333358168602,0.0,0.0,1.0,0.0,-2.4863362312316895,-2.6043989658355713,0.024727091193199158,-2.9344327449798584,1,1,1,1
35.0,1491,6,dqn_shielded,0,0,0,0,2.014374256134033,1.0,0.0,0.0,0.0,1.0,0.0,0.0,0.0,0.0,0.0,0.0,0.0,0.0,0.0,0.0,0.0,0.0,0.0,0.0,0.0,0.0,0.05833333358168602,0.0,0.0,0.0,1.0,0.37434864044189453,-2.119790554046631,-1.6400256156921387,-2.4994287490844727,1,1,1,1
40.0,1491,1,dqn_shielded,0,0,0,0,1.592406153678894,0.0,0.0,1.0,0.0,1.0,0.0996679961681366,0.0,0.0,0.0,0.0996679961681366,0.0,0.0,0.0,0.0,0.0,0.0,0.0,0.049958374351263046,0.012499349191784859,0.049958374351263046,0.021647252142429352,0.06666667014360428,1.0,0.0,0.0,0.0,-0.2964068651199341,-2.679990291595459,-1.915034532546997,-1.8888130187988281,1,1,1,1
40.0,1491,2,dqn_shielded,0,0,0,0,2.1325013637542725,1.0,0.0,0.0,0.0,1.0,0.0,0.0,0.0,0.0,0.0,0.0,0.0,0.0,0.0,0.0,0.0,0.0,0.0,0.012499349191784859,0.049958374351263046,0.021647252142429352,0.06666667014360428,0.0,1.0,0.0,0.0,0.13660697638988495,-2.3669824600219727,-1.9958943128585815,-2.0958778858184814,1,1,1,1
40.0,1491,5,dqn_shielded,2,2,2,0,2.487825393676758,0.0,0.0,1.0,0.0,1.0,0.0,0.0,0.0,0.0,0.0,0.0,0.0,0.0,0.0,0.0,0.0,0.0,0.0,0.012499349191784859,0.049958374351263046,0.021647252142429352,0.06666667014360428,0.0,0.0,1.0,0.0,-2.43642520904541,-2.4043784141540527,0.0834469348192215,-2.7382612228393555,1,1,1,1
40.0,1491,6,dqn_shielded,0,0,0,0,1.892722725868225,1.0,0.0,0.0,0.0,1.0,0.0,0.0,0.0,0.0,0.0,0.0,0.0,0.0,0.0,0.0,0.0,0.0,0.0,0.012499349191784859,0.049958374351263046,0.021647252142429352,0.06666667014360428,0.0,0.0,0.0,1.0,0.33875104784965515,-2.108306646347046,-1.5539716482162476,-2.4198217391967773,1,1,1,1
45.0,1491,1,dqn_shielded,0,0,0,0,8.05462646484375,1.0,0.0,0.0,0.0,0.0,-0.1973753273487091,0.0,-0.1973753273487091,0.0,0.0,0.0,0.0,0.0,0.1973753273487091,0.0,0.1973753273487091,0.0,0.0,0.02499479241669178,0.0996679961681366,0.043274227529764175,0.07500000298023224,1.0,0.0,0.0,0.0,-0.30834120512008667,-8.362967491149902,-8.498525619506836,-9.465363502502441,1,0,0,0
45.0,1491,2,dqn_shielded,2,2,2,0,2.193974733352661,1.0,0.0,0.0,0.0,1.0,0.0,0.0,0.1973753273487091,0.0,0.0,0.0,0.1973753273487091,0.0,0.0,0.0,0.0,0.0,0.0996679961681366,0.02499479241669178,0.0996679961681366,0.043274227529764175,0.07500000298023224,0.0,1.0,0.0,0.0,-2.2416625022888184,-3.066746711730957,-0.04768785834312439,-2.571873903274536,1,1,1,1
45.0,1491,5,dqn_shielded,2,2,2,0,2.3104300498962402,0.0,0.0,1.0,0.0,1.0,0.0,0.0,0.0,0.0,0.0,0.0,0.0,0.0,0.0,0.0,0.0,0.0,0.0,0.02499479241669178,0.0996679961681366,0.043274227529764175,0.07500000298023224,0.0,0.0,1.0,0.0,-2.36650013923645,-2.1743857860565186,0.13604424893856049,-2.5156757831573486,1,1,1,1
45.0,1491,6,dqn_shielded,0,0,0,0,1.7597663402557373,1.0,0.0,0.0,0.0,1.0,0.0,0.0,0.0,0.0,0.0,0.0,0.0,0.0,0.0,0.0,0.0,0.0,0.0,0.02499479241669178,0.0996679961681366,0.043274227529764175,0.07500000298023224,0.0,0.0,0.0,1.0,0.2953217029571533,-2.089151382446289,-1.464444637298584,-2.3300530910491943,1,1,1,1
50.0,1491,1,dqn_shielded,2,2,2,0,1.7555129528045654,1.0,0.0,0.0,0.0,1.0,0.0,0.0,0.0996679961681366,0.0,0.0,0.0,0.0996679961681366,0.0,0.0,0.0,0.0,0.0,0.049958374351263046,0.02499479241669178,0.049958374351263046,0.02499479241669178,0.0833333358168602,1.0,0.0,0.0,0.0,-2.7044806480407715,-3.469435214996338,-0.3052782714366913,-2.060791254043579,1,1,1,1
50.0,1491,2,dqn_shielded,2,2,2,0,8.76597785949707,0.0,0.0,1.0,0.0,0.0,0.0,0.0,0.0,0.0,0.0,0.0,0.0,0.0,0.0,0.0,0.0,0.0,0.0,0.02499479241669178,0.049958374351263046,0.02499479241669178,0.0833333358168602,0.0,1.0,0.0,0.0,-9.639869689941406,-8.77244758605957,0.003778219223022461,-8.762199401855469,0,0,1,0
50.0,1491,5,dqn_shielded,1,1,1,0,2.0283820629119873,0.0,0.0,1.0,0.0,1.0,-0.0996679961681366,0.0,-0.0996679961681366,0.0,0.0,0.0,0.0,0.0,0.0996679961681366,0.0,0.0996679961681366,0.0,0.0,0.02499479241669178,0.049958374351263046,0.02499479241669178,0.0833333358168602,0.0,0.0,1.0,0.0,-3.947861433029175,-0.3750767111778259,-2.403458833694458,-2.90735125541687,1,1,1,1
50.0,1491,6,dqn_shielded,2,2,2,0,2.017528533935547,1.0,0.0,0.0,0.0,1.0,0.0,0.0,0.0996679961681366,0.0,0.0,0.0,0.0996679961681366,0.0,0.0,0.0,0.0,0.0,0.049958374351263046,0.02499479241669178,0.049958374351263046,0.02499479241669178,0.0833333358168602,0.0,0.0,0.0,1.0,-1.7140629291534424,-2.059225082397461,0.30346548557281494,-2.4894943237304688,1,1,1,1
55.0,1491,1,dqn_shielded,2,2,2,0,8.794503211975098,0.0,0.0,1.0,0.0,0.0,0.0,0.0,0.0,0.0,0.0,0.0,0.0,0.0,0.0,0.0,0.0,0.0,0.0,0.0,0.0,0.0,0.09166666865348816,1.0,0.0,0.0,0.0,-9.874736785888672,-9.564840316772461,-0.29814648628234863,-9.092649459838867,0,0,1,0
55.0,1491,2,dqn_shielded,2,2,2,0,1.921912670135498,0.0,0.0,1.0,0.0,1.0,0.0,0.0,0.0,0.0,0.0,0.0,0.0,0.0,0.0,0.0,0.0,0.0,0.0,0.0,0.0,0.0,0.09166666865348816,0.0,1.0,0.0,0.0,-1.9006080627441406,-2.8236286640167236,0.021304652094841003,-2.332773447036743,1,1,1,1
55.0,1491,5,dqn_shielded,1,1,1,0,7.451772212982178,0.0,1.0,0.0,0.0,0.0,0.0,0.0,0.0,0.0,0.0,0.0,0.0,0.0,0.0,0.0,0.0,0.0,0.0,0.0,0.0,0.0,0.09166666865348816,0.0,0.0,1.0,0.0,-10.279047012329102,-0.20454758405685425,-7.656319618225098,-9.961737632751465,0,1,0,0
55.0,1491,6,dqn_shielded,2,2,2,0,8.155255317687988,0.0,0.0,1.0,0.0,0.0,0.0,0.0,0.0,0.0,0.0,0.0,0.0,0.0,0.0,0.0,0.0,0.0,0.0,0.0,0.0,0.0,0.09166666865348816,0.0,0.0,0.0,1.0,-7.926952838897705,-8.498404502868652,0.22830235958099365,-7.947531223297119,0,0,1,0
60.0,1491,1,dqn_shielded,0,0,0,0,1.5722804069519043,0.0,0.0,1.0,0.0,1.0,0.0,0.0,-0.0996679961681366,0.0,0.0996679961681366,0.0,0.0,0.0,0.0996679961681366,0.0,0.0996679961681366,0.0,0.049958374351263046,0.07485969364643097,0.14888502657413483,0.0558435432612896,0.10000000149011612,1.0,0.0,0.0,0.0,-0.3246157765388489,-2.0717697143554688,-2.528562307357788,-1.896896243095398,1,1,1,1
60.0,1491,2,dqn_shielded,1,1,1,0,1.9663667678833008,0.0,0.0,1.0,0.0,1.0,-0.1973753273487091,0.0,-0.1973753273487091,0.0,0.0,0.0,0.0,0.0,0.1973753273487091,0.0,0.1973753273487091,0.0,0.0,0.07485969364643097,0.14888502657413483,0.0558435432612896,0.10000000149011612,0.0,1.0,0.0,0.0,-3.247964382171631,-0.24359747767448425,-2.2099642753601074,-3.432983875274658,1,1,1,1
60.0,1491,5,dqn_shielded,2,2,2,0,0.9308067560195923,0.0,1.0,0.0,0.0,1.0,0.0996679961681366,0.0,0.1973753273487091,0.0,0.0996679961681366,0.0,0.1973753273487091,0.0,0.0,0.0,0.0,0.0,0.14888502657413483,0.07485969364643097,0.14888502657413483,0.0558435432612896,0.10000000149011612,0.0,0.0,1.0,0.0,-1.2387912273406982,-1.8917337656021118,-0.30798450112342834,-2.6092915534973145,1,1,1,1
60.0,1491,6,dqn_shielded,0,0,0,0,2.6165993213653564,0.0,0.0,1.0,0.0,1.0,0.1973753273487091,0.0,0.0,0.0,0.1973753273487091,0.0,0.0,0.0,0.0,0.0,0.0,0.0,0.0996679961681366,0.07485969364643097,0.14888502657413483,0.0558435432612896,0.10000000149011612,0.0,0.0,0.0,1.0,0.08801993727684021,-2.5285794734954834,-2.9626688957214355,-2.760823965072632,1,1,1,1
65.0,1491,1,dqn_shielded,0,0,0,0,8.102095603942871,1.0,0.0,0.0,0.0,0.0,-0.1973753273487091,0.0,-0.1973753273487091,0.0,0.0,0.0,0.0,0.0,0.1973753273487091,0.0,0.1973753273487091,0.0,0.0,0.02499479241669178,0.0996679961681366,0.043274227529764175,0.10833333432674408,1.0,0.0,0.0,0.0,-0.30872654914855957,-8.410821914672852,-8.542105674743652,-9.516183853149414,1,0,0,0
65.0,1491,2,dqn_shielded,1,1,1,0,6.994868278503418,0.0,1.0,0.0,0.0,0.0,0.0,0.0,0.0,0.0,0.0,0.0,0.0,0.0,0.0,0.0,0.0,0.0,0.0,0.02499479241669178,0.0996679961681366,0.043274227529764175,0.10833333432674408,0.0,1.0,0.0,0.0,-9.745576858520508,-0.17744654417037964,-7.172314643859863,-8.825539588928223,0,1,0,0
65.0,1491,5,dqn_shielded,2,2,2,0,7.117697238922119,0.0,0.0,1.0,0.0,0.0,0.1973753273487091,0.0,0.0,0.0,0.1973753273487091,0.0,0.0,0.0,0.0,0.0,0.0,0.0,0.0996679961681366,0.02499479241669178,0.0996679961681366,0.043274227529764175,0.10833333432674408,0.0,0.0,1.0,0.0,-7.29150915145874,-8.357090950012207,-0.17381197214126587,-8.052356719970703,0,0,1,0
65.0,1491,6,dqn_shielded,0,0,0,0,7.784739971160889,1.0,0.0,0.0,0.0,0.0,0.0,0.0,0.0,0.0,0.0,0.0,0.0,0.0,0.0,0.0,0.0,0.0,0.0,0.02499479241669178,0.0996679961681366,0.043274227529764175,0.10833333432674408,0.0,0.0,0.0,1.0,0.2282886803150177,-7.901529312133789,-7.556451320648193,-9.048050880432129,1,0,0,0
70.0,1491,1,dqn_shielded,1,1,1,0,1.8015432357788086,1.0,0.0,0.0,0.0,1.0,-0.1973753273487091,0.0,-0.1973753273487091,0.0,0.0,0.0,0.0,0.0,0.1973753273487091,0.0,0.1973753273487091,0.0,0.0,0.03748243302106857,0.0996679961681366,0.04143407568335533,0.11666666716337204,1.0,0.0,0.0,0.0,-4.974887371063232,-0.5330662131309509,-3.6447577476501465,-2.3346095085144043,1,1,1,1
70.0,1491,2,dqn_shielded,0,0,0,0,2.14611554145813,0.0,1.0,0.0,0.0,1.0,0.0996679961681366,0.0,0.0,0.0,0.0996679961681366,0.0,0.0,0.0,0.0,0.0,0.0,0.0,0.049958374351263046,0.03748243302106857,0.0996679961681366,0.04143407568335533,0.11666666716337204,0.0,1.0,0.0,0.0,0.07032722234725952,-2.0757882595062256,-2.3061609268188477,-2.35081148147583,1,1,1,1
70.0,1491,5,dqn_shielded,0,0,0,0,2.184788942337036,0.0,0.0,1.0,0.0,1.0,0.1973753273487091,0.0,0.0,0.0,0.1973753273487091,0.0,0.0,0.0,0.0,0.0,0.0,0.0,0.0996679961681366,0.03748243302106857,0.0996679961681366,0.04143407568335533,0.11666666716337204,0.0,0.0,1.0,0.0,-0.11576150357723236,-2.3005504608154297,-3.222379446029663,-2.476577043533325,1,1,1,1
70.0,1491,6,dqn_shielded,0,0,0,0,1.7565730810165405,1.0,0.0,0.0,0.0,1.0,0.0,0.0,0.0,0.0,0.0,0.0,0.0,0.0,0.0,0.0,0.0,0.0,0.0,0.03748243302106857,0.0996679961681366,0.04143407568335533,0.11666666716337204,0.0,0.0,0.0,1.0,0.26845991611480713,-2.1293675899505615,-1.4881131649017334,-2.32016921043396,1,1,1,1
75.0,1491,1,dqn_shielded,1,1,1,0,5.858867168426514,0.0,1.0,0.0,0.0,0.0,-0.29131263494491577,0.0,-0.29131263494491577,0.0,0.0,0.0,0.0,0.0,0.29131263494491577,0.0,0.29131263494491577,0.0,0.0,0.03748243302106857,0.14888502657413483,0.06486071646213531,0.125,1.0,0.0,0.0,0.0,-7.8006792068481445,-0.4973675012588501,-6.356234550476074,-7.3123931884765625,0,1,0,0
75.0,1491,2,dqn_shielded,0,0,0,0,6.0952301025390625,1.0,0.0,0.0,0.0,0.0,0.0,0.0,0.29131263494491577,0.0,0.0,0.0,0.29131263494491577,0.0,0.0,0.0,0.0,0.0,0.14888502657413483,0.03748243302106857,0.14888502657413483,0.06486071646213531,0.125,0.0,1.0,0.0,0.0,-0.13866037130355835,-7.551546096801758,-6.233890533447266,-9.202262878417969,1,0,0,0
75.0,1491,5,dqn_shielded,0,0,0,0,8.244695663452148,1.0,0.0,0.0,0.0,0.0,0.0,0.0,0.0,0.0,0.0,0.0,0.0,0.0,0.0,0.0,0.0,0.0,0.0,0.03748243302106857,0.14888502657413483,0.06486071646213531,0.125,0.0,0.0,1.0,0.0,-0.10525673627853394,-9.038394927978516,-8.349952697753906,-10.22111701965332,1,0,0,0
75.0,1491,6,dqn_shielded,0,0,0,0,1.626312494277954,1.0,0.0,0.0,0.0,1.0,0.0,0.0,0.0,0.0,0.0,0.0,0.0,0.0,0.0,0.0,0.0,0.0,0.0,0.03748243302106857,0.14888502657413483,0.06486071646213531,0.125,0.0,0.0,0.0,1.0,0.23896698653697968,-2.1055283546447754,-1.387345552444458,-2.2301273345947266,1,1,1,1
80.0,1491,1,dqn_shielded,1,1,1,0,1.1337809562683105,0.0,1.0,0.0,0.0,1.0,-0.3799489736557007,0.0,-0.29131263494491577,0.0,0.0,0.0,0.0996679961681366,0.0,0.3799489736557007,0.0,0.3799489736557007,0.0,0.049958374351263046,0.06241874769330025,0.1973753273487091,0.08178489655256271,0.13333334028720856,1.0,0.0,0.0,0.0,-4.524909019470215,-0.4122254252433777,-2.6463189125061035,-1.546006441116333,0,1,0,1
80.0,1491,2,dqn_shielded,2,2,2,0,3.8481247425079346,1.0,0.0,0.0,0.0,1.0,0.0,0.0,0.3799489736557007,0.0,0.0,0.0,0.3799489736557007,0.0,0.0,0.0,0.0,0.0,0.1973753273487091,0.06241874769330025,0.1973753273487091,0.08178489655256271,0.13333334028720856,0.0,1.0,0.0,0.0,-4.584794521331787,-4.745621681213379,-0.3496859073638916,-4.197810649871826,0,0,1,0
80.0,1491,5,dqn_shielded,0,0,0,0,1.4034461975097656,1.0,0.0,0.0,0.0,1.0,0.0,0.0,0.0,0.0,0.0,0.0,0.0,0.0,0.0,0.0,0.0,0.0,0.0,0.06241874769330025,0.1973753273487091,0.08178489655256271,0.13333334028720856,0.0,0.0,1.0,0.0,0.11238235235214233,-1.4012153148651123,-1.2910637855529785,-1.4897270202636719,1,1,1,1
80.0,1491,6,dqn_shielded,0,0,0,0,1.2947739362716675,1.0,0.0,0.0,0.0,1.0,0.0,0.0,0.0,0.0,0.0,0.0,0.0,0.0,0.0,0.0,0.0,0.0,0.0,0.06241874769330025,0.1973753273487091,0.08178489655256271,0.13333334028720856,0.0,0.0,0.0,1.0,0.1687510758638382,-2.0290167331695557,-1.1260228157043457,-2.037391185760498,1,1,1,1
85.0,1491,1,dqn_shielded,2,2,2,0,1.6728112697601318,0.0,1.0,0.0,0.0,1.0,-0.0996679961681366,0.0,0.0996679961681366,0.0,0.0,0.0,0.1973753273487091,0.0,0.0996679961681366,0.0,0.0996679961681366,0.0,0.0996679961681366,0.06241874769330025,0.0996679961681366,0.04143407568335533,0.14166666567325592,1.0,0.0,0.0,0.0,-3.996382713317871,-2.576669454574585,-0.3464743494987488,-2.0192856788635254,1,1,1,1
85.0,1491,2,dqn_shielded,2,2,2,0,8.7954683303833,0.0,0.0,1.0,0.0,0.0,0.0,0.0,0.0996679961681366,0.0,0.0,0.0,0.0996679961681366,0.0,0.0,0.0,0.0,0.0,0.049958374351263046,0.06241874769330025,0.0996679961681366,0.04143407568335533,0.14166666567325592,0.0,1.0,0.0,0.0,-9.961858749389648,-8.824808120727539,-0.029339730739593506,-8.934511184692383,0,0,1,0
85.0,1491,5,dqn_shielded,1,1,1,0,2.8065099716186523,1.0,0.0,0.0,0.0,1.0,-0.1973753273487091,0.0,-0.1973753273487091,0.0,0.0,0.0,0.0,0.0,0.1973753273487091,0.0,0.1973753273487091,0.0,0.0,0.06241874769330025,0.0996679961681366,0.04143407568335533,0.14166666567325592,0.0,0.0,1.0,0.0,-4.612849712371826,-0.39996469020843506,-3.311453104019165,-3.206474781036377,1,1,1,1
85.0,1491,6,dqn_shielded,2,2,2,0,2.1894736289978027,1.0,0.0,0.0,0.0,1.0,0.0,0.0,0.1973753273487091,0.0,0.0,0.0,0.1973753273487091,0.0,0.0,0.0,0.0,0.0,0.0996679961681366,0.06241874769330025,0.0996679961681366,0.04143407568335533,0.14166666567325592,0.0,0.0,0.0,1.0,-2.0595812797546387,-2.0415029525756836,0.14797067642211914,-3.0327816009521484,1,1,1,1
90.0,1491,1,dqn_shielded,2,2,2,0,8.892135620117188,0.0,0.0,1.0,0.0,0.0,0.0,0.0,0.0,0.0,0.0,0.0,0.0,0.0,0.0,0.0,0.0,0.0,0.0,0.02499479241669178,0.049958374351263046,0.02499479241669178,0.15000000596046448,1.0,0.0,0.0,0.0,-10.025814056396484,-9.66429615020752,-0.3156358599662781,-9.207771301269531,0,0,1,0
90.0,1491,2,dqn_shielded,0,0,0,0,2.2592899799346924,0.0,0.0,1.0,0.0,1.0,0.0,0.0,-0.0996679961681366,0.0,0.0996679961681366,0.0,0.0,0.0,0.0996679961681366,0.0,0.0996679961681366,0.0,0.049958374351263046,0.02499479241669178,0.049958374351263046,0.02499479241669178,0.15000000596046448,0.0,1.0,0.0,0.0,0.05552126467227936,-2.7398197650909424,-2.203768730163574,-2.4644768238067627,1,1,1,1
90.0,1491,5,dqn_shielded,1,1,1,0,7.6490020751953125,0.0,1.0,0.0,0.0,0.0,0.0,0.0,0.0,0.0,0.0,0.0,0.0,0.0,0.0,0.0,0.0,0.0,0.0,0.02499479241669178,0.049958374351263046,0.02499479241669178,0.15000000596046448,0.0,0.0,1.0,0.0,-10.440239906311035,-0.19966304302215576,-7.848665237426758,-10.062478065490723,0,1,0,0
90.0,1491,6,dqn_shielded,2,2,2,0,7.070714950561523,0.0,0.0,1.0,0.0,0.0,0.0996679961681366,0.0,0.0,0.0,0.0996679961681366,0.0,0.0,0.0,0.0,0.0,0.0,0.0,0.049958374351263046,0.02499479241669178,0.049958374351263046,0.02499479241669178,0.15000000596046448,0.0,0.0,0.0,1.0,-7.012868404388428,-8.283252716064453,0.05784636735916138,-7.737630844116211,0,0,1,0
95.0,1491,1,dqn_shielded,0,0,0,0,1.7101900577545166,0.0,0.0,1.0,0.0,1.0,0.0,0.0,-0.0996679961681366,0.0,0.0996679961681366,0.0,0.0,0.0,0.0996679961681366,0.0,0.0996679961681366,0.0,0.049958374351263046,0.06241874769330025,0.14888502657413483,0.05443238466978073,0.15833333134651184,1.0,0.0,0.0,0.0,-0.36114048957824707,-2.2183663845062256,-2.6826224327087402,-2.0713305473327637,1,1,1,1
95.0,1491,2,dqn_shielded,0,0,0,0,6.991256237030029,1.0,0.0,0.0,0.0,0.0,-0.29131263494491577,0.0,-0.1973753273487091,0.0,0.0,0.0,0.0996679961681366,0.0,0.29131263494491577,0.0,0.29131263494491577,0.0,0.049958374351263046,0.06241874769330025,0.14888502657413483,0.05443238466978073,0.15833333134651184,0.0,1.0,0.0,0.0,-0.11312240362167358,-7.104378700256348,-7.681183815002441,-8.646764755249023,1,0,0,0
95.0,1491,5,dqn_shielded,1,1,1,0,1.9377732276916504,0.0,1.0,0.0,0.0,1.0,0.0,0.0,0.0,0.0,0.0,0.0,0.0,0.0,0.0,0.0,0.0,0.0,0.0,0.06241874769330025,0.14888502657413483,0.05443238466978073,0.15833333134651184,0.0,0.0,1.0,0.0,-2.393158435821533,-0.3478686809539795,-2.28564190864563,-3.23262095451355,1,1,1,1
95.0,1491,6,dqn_shielded,0,0,0,0,3.2408151626586914,0.0,0.0,1.0,0.0,1.0,0.29131263494491577,0.0,0.0,0.0,0.29131263494491577,0.0,0.0,0.0,0.0,0.0,0.0,0.0,0.14888502657413483,0.06241874769330025,0.14888502657413483,0.05443238466978073,0.15833333134651184,0.0,0.0,0.0,1.0,-0.011213675141334534,-3.2520289421081543,-3.7850308418273926,-3.509516716003418,1,0,0,0
100.0,1491,1,dqn_shielded,0,0,0,0,9.032264709472656,1.0,0.0,0.0,0.0,0.0,-0.0996679961681366,0.0,-0.0996679961681366,0.0,0.0,0.0,0.0,0.0,0.0996679961681366,0.0,0.0996679961681366,0.0,0.0,0.02499479241669178,0.049958374351263046,0.02499479241669178,0.1666666716337204,1.0,0.0,0.0,0.0,-0.3617614507675171,-9.480175971984863,-9.394025802612305,-10.785286903381348,1,0,0,0
100.0,1491,2,dqn_shielded,2,2,2,0,1.6585415601730347,1.0,0.0,0.0,0.0,1.0,0.0,0.0,0.0996679961681366,0.0,0.0,0.0,0.0996679961681366,0.0,0.0,0.0,0.0,0.0,0.049958374351263046,0.02499479241669178,0.049958374351263046,0.02499479241669178,0.1666666716337204,0.0,1.0,0.0,0.0,-1.667730450630188,-2.3981575965881348,-0.00918889045715332,-2.030858039855957,1,1,1,1
100.0,1491,5,dqn_shielded,2,2,2,0,1.7542520761489868,0.0,1.0,0.0,0.0,1.0,0.0,0.0,0.0996679961681366,0.0,0.0,0.0,0.0996679961681366,0.0,0.0,0.0,0.0,0.0,0.049958374351263046,0.02499479241669178,0.049958374351263046,0.02499479241669178,0.1666666716337204,0.0,0.0,1.0,0.0,-3.589768886566162,-1.8159189224243164,-0.061666861176490784,-3.069397211074829,1,1,1,1
100.0,1491,6,dqn_shielded,0,0,0,0,8.068578720092773,1.0,0.0,0.0,0.0,0.0,0.0,0.0,0.0,0.0,0.0,0.0,0.0,0.0,0.0,0.0,0.0,0.0,0.0,0.02499479241669178,0.049958374351263046,0.02499479241669178,0.1666666716337204,0.0,0.0,0.0,1.0,0.2400975525379181,-8.153745651245117,-7.8284807205200195,-9.323861122131348,1,0,0,0
105.0,1491,1,dqn_shielded,0,0,0,0,2.530608892440796,1.0,0.0,0.0,0.0,1.0,0.0,0.0,0.0,0.0,0.0,0.0,0.0,0.0,0.0,0.0,0.0,0.0,0.0,0.0,0.0,0.0,0.17499999701976776,1.0,0.0,0.0,0.0,-0.3244733512401581,-4.055232524871826,-3.491706609725952,-2.8550822734832764,1,1,1,1
105.0,1491,2,dqn_shielded,2,2,2,0,8.835535049438477,0.0,0.0,1.0,0.0,0.0,0.0,0.0,0.0,0.0,0.0,0.0,0.0,0.0,0.0,0.0,0.0,0.0,0.0,0.0,0.0,0.0,0.17499999701976776,0.0,1.0,0.0,0.0,-9.781088829040527,-8.90241813659668,-0.015062093734741211,-8.850597381591797,0,0,1,0
105.0,1491,5,dqn_shielded,2,2,2,0,9.34343147277832,0.0,0.0,1.0,0.0,0.0,0.0,0.0,0.0,0.0,0.0,0.0,0.0,0.0,0.0,0.0,0.0,0.0,0.0,0.0,0.0,0.0,0.17499999701976776,0.0,0.0,1.0,0.0,-10.565475463867188,-9.365665435791016,0.025704026222229004,-9.317727088928223,0,0,1,0
105.0,1491,6,dqn_shielded,0,0,0,0,2.0692780017852783,1.0,0.0,0.0,0.0,1.0,0.0,0.0,0.0,0.0,0.0,0.0,0.0,0.0,0.0,0.0,0.0,0.0,0.0,0.0,0.0,0.0,0.17499999701976776,0.0,0.0,0.0,1.0,0.33867406845092773,-2.2366225719451904,-1.7306039333343506,-2.572157859802246,1,1,1,1
110.0,1491,1,dqn_shielded,0,0,0,0,2.5224156379699707,1.0,0.0,0.0,0.0,1.0,0.0,0.0,0.0,0.0,0.0,0.0,0.0,0.0,0.0,0.0,0.0,0.0,0.0,0.0,0.0,0.0,0.18333333730697632,1.0,0.0,0.0,0.0,-0.32532450556755066,-4.049771308898926,-3.47727632522583,-2.8477401733398438,1,1,1,1
110.0,1491,2,dqn_shielded,2,2,2,0,2.17411208152771,0.0,0.0,1.0,0.0,1.0,0.0,0.0,0.0,0.0,0.0,0.0,0.0,0.0,0.0,0.0,0.0,0.0,0.0,0.0,0.0,0.0,0.18333333730697632,0.0,1.0,0.0,0.0,-2.14400315284729,-2.900730848312378,0.030108943581581116,-2.330267906188965,1,1,1,1
110.0,1491,5,dqn_shielded,2,2,2,0,2.6729140281677246,0.0,0.0,1.0,0.0,1.0,0.0,0.0,0.0,0.0,0.0,0.0,0.0,0.0,0.0,0.0,0.0,0.0,0.0,0.0,0.0,0.0,0.18333333730697632,0.0,0.0,1.0,0.0,-2.8098764419555664,-2.694620132446289,-0.02170620858669281,-2.9713449478149414,1,1,1,1
110.0,1491,6,dqn_shielded,0,0,0,0,2.073852777481079,1.0,0.0,0.0,0.0,1.0,0.0,0.0,0.0,0.0,0.0,0.0,0.0,0.0,0.0,0.0,0.0,0.0,0.0,0.0,0.0,0.0,0.18333333730697632,0.0,0.0,0.0,1.0,0.33644089102745056,-2.2440919876098633,-1.7374119758605957,-2.577479839324951,1,1,1,1
115.0,1491,1,dqn_shielded,1,1,1,0,2.008603096008301,1.0,0.0,0.0,0.0,1.0,-0.0996679961681366,0.0,-0.0996679961681366,0.0,0.0,0.0,0.0,0.0,0.0996679961681366,0.0,0.0996679961681366,0.0,0.0,0.012499349191784859,0.049958374351263046,0.021647252142429352,0.19166666269302368,1.0,0.0,0.0,0.0,-3.1929571628570557,-0.6402317881584167,-3.6093881130218506,-2.6488349437713623,1,1,1,1
115.0,1491,2,dqn_shielded,2,2,2,0,2.1908438205718994,0.0,0.0,1.0,0.0,1.0,0.0,0.0,0.0,0.0,0.0,0.0,0.0,0.0,0.0,0.0,0.0,0.0,0.0,0.012499349191784859,0.049958374351263046,0.021647252142429352,0.19166666269302368,0.0,1.0,0.0,0.0,-2.159270763397217,-2.751340389251709,0.031573131680488586,-2.294449806213379,1,1,1,1
115.0,1491,5,dqn_shielded,0,0,0,0,2.1521599292755127,0.0,0.0,1.0,0.0,1.0,0.0996679961681366,0.0,0.0,0.0,0.0996679961681366,0.0,0.0,0.0,0.0,0.0,0.0,0.0,0.049958374351263046,0.012499349191784859,0.049958374351263046,0.021647252142429352,0.19166666269302368,0.0,0.0,1.0,0.0,-0.14249268174171448,-2.2946527004241943,-2.7727553844451904,-2.9484598636627197,1,1,1,1
115.0,1491,6,dqn_shielded,0,0,0,0,1.9626798629760742,1.0,0.0,0.0,0.0,1.0,0.0,0.0,0.0,0.0,0.0,0.0,0.0,0.0,0.0,0.0,0.0,0.0,0.0,0.012499349191784859,0.049958374351263046,0.021647252142429352,0.19166666269302368,0.0,0.0,0.0,1.0,0.2990822196006775,-2.241426467895508,-1.663597583770752,-2.4850456714630127,1,1,1,1
120.0,1491,1,dqn_shielded,1,1,1,0,7.835854530334473,0.0,1.0,0.0,0.0,0.0,0.0,0.0,0.0,0.0,0.0,0.0,0.0,0.0,0.0,0.0,0.0,0.0,0.0,0.012499349191784859,0.049958374351263046,0.021647252142429352,0.20000000298023224,1.0,0.0,0.0,0.0,-10.506889343261719,-0.35354888439178467,-8.189403533935547,-10.213000297546387,0,1,0,0
120.0,1491,2,dqn_shielded,0,0,0,0,1.8967911005020142,0.0,0.0,1.0,0.0,1.0,0.0996679961681366,0.0,0.0,0.0,0.0996679961681366,0.0,0.0,0.0,0.0,0.0,0.0,0.0,0.049958374351263046,0.012499349191784859,0.049958374351263046,0.021647252142429352,0.20000000298023224,0.0,1.0,0.0,0.0,0.08486516028642654,-2.856703042984009,-1.8119258880615234,-2.021399974822998,1,1,1,1
120.0,1491,5,dqn_shielded,0,0,0,0,8.793697357177734,1.0,0.0,0.0,0.0,0.0,0.0,0.0,0.0,0.0,0.0,0.0,0.0,0.0,0.0,0.0,0.0,0.0,0.0,0.012499349191784859,0.049958374351263046,0.021647252142429352,0.20000000298023224,0.0,0.0,1.0,0.0,-0.03267669677734375,-9.524415969848633,-8.826374053955078,-10.734655380249023,1,0,0,0
120.0,1491,6,dqn_shielded,0,0,0,0,1.9687283039093018,1.0,0.0,0.0,0.0,1.0,0.0,0.0,0.0,0.0,0.0,0.0,0.0,0.0,0.0,0.0,0.0,0.0,0.0,0.012499349191784859,0.049958374351263046,0.021647252142429352,0.20000000298023224,0.0,0.0,0.0,1.0,0.29692310094833374,-2.249938488006592,-1.6718052625656128,-2.48775577545166,1,1,1,1
125.0,1491,1,dqn_shielded,0,0,0,0,2.316896438598633,0.0,1.0,0.0,0.0,1.0,0.1973753273487091,0.0,0.0,0.0,0.1973753273487091,0.0,0.0,0.0,0.0,0.0,0.0,0.0,0.0996679961681366,0.07485969364643097,0.0996679961681366,0.043274227529764175,0.2083333283662796,1.0,0.0,0.0,0.0,-0.3140150308609009,-2.9089505672454834,-3.784618616104126,-2.6309115886688232,1,1,1,1
125.0,1491,2,dqn_shielded,0,0,0,0,8.623788833618164,1.0,0.0,0.0,0.0,0.0,0.0,0.0,0.0,0.0,0.0,0.0,0.0,0.0,0.0,0.0,0.0,0.0,0.0,0.07485969364643097,0.0996679961681366,0.043274227529764175,0.2083333283662796,0.0,1.0,0.0,0.0,0.022541821002960205,-9.559399604797363,-8.60124683380127,-10.655900955200195,1,0,0,0
125.0,1491,5,dqn_shielded,1,1,1,0,0.7490973472595215,1.0,0.0,0.0,0.0,1.0,-0.1973753273487091,0.0,0.0,0.0,0.0,0.0,0.1973753273487091,0.0,0.1973753273487091,0.0,0.1973753273487091,0.0,0.0996679961681366,0.07485969364643097,0.0996679961681366,0.043274227529764175,0.2083333283662796,0.0,0.0,1.0,0.0,-3.7480592727661133,-0.8389705419540405,-1.588067889213562,-2.527406692504883,1,1,1,1
125.0,1491,6,dqn_shielded,2,2,2,0,2.227356433868408,1.0,0.0,0.0,0.0,1.0,0.0,0.0,0.1973753273487091,0.0,0.0,0.0,0.1973753273487091,0.0,0.0,0.0,0.0,0.0,0.0996679961681366,0.07485969364643097,0.0996679961681366,0.043274227529764175,0.2083333283662796,0.0,0.0,0.0,1.0,-2.1819536685943604,-2.097156286239624,0.13020020723342896,-3.0551540851593018,1,1,1,1
130.0,1491,1,dqn_shielded,0,0,0,0,7.984414100646973,1.0,0.0,0.0,0.0,0.0,0.0,0.0,0.0996679961681366,0.0,0.0,0.0,0.0996679961681366,0.0,0.0,0.0,0.0,0.0,0.049958374351263046,0.049958374351263046,0.14888502657413483,0.06116081401705742,0.21666666865348816,1.0,0.0,0.0,0.0,-0.3456639051437378,-8.947011947631836,-8.330078125,-10.341692924499512,1,0,0,0
130.0,1491,2,dqn_shielded,0,0,0,0,1.7125166654586792,1.0,0.0,0.0,0.0,1.0,0.0,0.0,0.0,0.0,0.0,0.0,0.0,0.0,0.0,0.0,0.0,0.0,0.0,0.049958374351263046,0.14888502657413483,0.06116081401705742,0.21666666865348816,0.0,1.0,0.0,0.0,0.011357471346855164,-2.447056770324707,-1.7011592388153076,-1.7747704982757568,1,1,1,1
130.0,1491,5,dqn_shielded,1,1,1,0,6.294557571411133,0.0,1.0,0.0,0.0,0.0,0.0,0.0,0.29131263494491577,0.0,0.0,0.0,0.29131263494491577,0.0,0.0,0.0,0.0,0.0,0.14888502657413483,0.049958374351263046,0.14888502657413483,0.06116081401705742,0.21666666865348816,0.0,0.0,1.0,0.0,-8.597419738769531,-0.29909563064575195,-6.593653202056885,-8.888591766357422,0,1,0,0
130.0,1491,6,dqn_shielded,2,2,2,0,8.163481712341309,0.0,0.0,1.0,0.0,0.0,0.0,0.0,0.0,0.0,0.0,0.0,0.0,0.0,0.0,0.0,0.0,0.0,0.0,0.049958374351263046,0.14888502657413483,0.06116081401705742,0.21666666865348816,0.0,0.0,0.0,1.0,-8.471660614013672,-8.545660018920898,0.1604664921760559,-8.003015518188477,0,0,1,0
135.0,1491,1,dqn_shielded,2,2,2,0,1.5429224967956543,1.0,0.0,0.0,0.0,1.0,0.0,0.0,0.0996679961681366,0.0,0.0,0.0,0.0996679961681366,0.0,0.0,0.0,0.0,0.0,0.049958374351263046,0.049958374351263046,0.14888502657413483,0.06116081401705742,0.22499999403953552,1.0,0.0,0.0,0.0,-2.539374589920044,-3.1184895038604736,-0.3484087586402893,-1.8913311958312988,1,1,1,1
135.0,1491,2,dqn_shielded,0,0,0,0,1.7119899988174438,1.0,0.0,0.0,0.0,1.0,0.0,0.0,0.0,0.0,0.0,0.0,0.0,0.0,0.0,0.0,0.0,0.0,0.0,0.049958374351263046,0.14888502657413483,0.06116081401705742,0.22499999403953552,0.0,1.0,0.0,0.0,0.008292756974697113,-2.4447813034057617,-1.7036972045898438,-1.770891785621643,1,1,1,1
135.0,1491,5,dqn_shielded,2,2,2,0,2.9047458171844482,0.0,1.0,0.0,0.0,1.0,0.0,0.0,0.29131263494491577,0.0,0.0,0.0,0.29131263494491577,0.0,0.0,0.0,0.0,0.0,0.14888502657413483,0.049958374351263046,0.14888502657413483,0.06116081401705742,0.22499999403953552,0.0,0.0,1.0,0.0,-4.758296489715576,-3.8240344524383545,-0.30094289779663086,-3.205688714981079,0,0,1,0
135.0,1491,6,dqn_shielded,2,2,2,0,1.895249605178833,0.0,0.0,1.0,0.0,1.0,0.0,0.0,0.0,0.0,0.0,0.0,0.0,0.0,0.0,0.0,0.0,0.0,0.0,0.049958374351263046,0.14888502657413483,0.06116081401705742,0.22499999403953552,0.0,0.0,0.0,1.0,-1.543787956237793,-1.8148198127746582,0.3514616787433624,-1.8570784330368042,1,1,1,1
140.0,1491,1,dqn_shielded,2,2,2,0,8.893302917480469,0.0,0.0,1.0,0.0,0.0,0.0,0.0,0.0,0.0,0.0,0.0,0.0,0.0,0.0,0.0,0.0,0.0,0.0,0.0,0.0,0.0,0.23333333432674408,1.0,0.0,0.0,0.0,-10.027799606323242,-9.757528305053711,-0.33138275146484375,-9.224685668945312,0,0,1,0
140.0,1491,2,dqn_shielded,0,0,0,0,2.517472743988037,1.0,0.0,0.0,0.0,1.0,0.0,0.0,0.0,0.0,0.0,0.0,0.0,0.0,0.0,0.0,0.0,0.0,0.0,0.0,0.0,0.0,0.23333333432674408,0.0,1.0,0.0,0.0,0.06205926835536957,-2.7323217391967773,-2.455413579940796,-2.458104372024536,1,1,1,1
140.0,1491,5,dqn_shielded,2,2,2,0,9.386031150817871,0.0,0.0,1.0,0.0,0.0,0.0,0.0,0.0,0.0,0.0,0.0,0.0,0.0,0.0,0.0,0.0,0.0,0.0,0.0,0.0,0.0,0.23333333432674408,0.0,0.0,1.0,0.0,-10.63870620727539,-9.499739646911621,0.01176440715789795,-9.374266624450684,0,0,1,0
140.0,1491,6,dqn_shielded,2,2,2,0,1.6281230449676514,0.0,0.0,1.0,0.0,1.0,0.0,0.0,0.0,0.0,0.0,0.0,0.0,0.0,0.0,0.0,0.0,0.0,0.0,0.0,0.0,0.0,0.23333333432674408,0.0,0.0,0.0,1.0,-1.3286328315734863,-2.1671578884124756,0.29949018359184265,-2.282266139984131,1,1,1,1
145.0,1491,1,dqn_shielded,0,0,0,0,1.1681978702545166,0.0,0.0,1.0,0.0,1.0,0.0996679961681366,0.0,0.0,0.0,0.0996679961681366,0.0,0.0,0.0,0.0,0.0,0.0,0.0,0.049958374351263046,0.049958374351263046,0.14888502657413483,0.06116081401705742,0.24166665971279144,1.0,0.0,0.0,0.0,-0.287406861782074,-2.317676305770874,-1.634872555732727,-1.4556047916412354,1,1,1,1
145.0,1491,2,dqn_shielded,1,1,1,0,2.8978288173675537,1.0,0.0,0.0,0.0,1.0,-0.29131263494491577,0.0,-0.29131263494491577,0.0,0.0,0.0,0.0,0.0,0.29131263494491577,0.0,0.29131263494491577,0.0,0.0,0.049958374351263046,0.14888502657413483,0.06116081401705742,0.24166665971279144,0.0,1.0,0.0,0.0,-4.635638236999512,-0.33566761016845703,-3.799539804458618,-3.2334964275360107,0,1,0,1
145.0,1491,5,dqn_shielded,2,2,2,0,2.034167766571045,0.0,0.0,1.0,0.0,1.0,0.0,0.0,0.0,0.0,0.0,0.0,0.0,0.0,0.0,0.0,0.0,0.0,0.0,0.049958374351263046,0.14888502657413483,0.06116081401705742,0.24166665971279144,0.0,0.0,1.0,0.0,-2.5686581134796143,-1.9600410461425781,0.07412676513195038,-2.1817197799682617,1,1,1,1
145.0,1491,6,dqn_shielded,0,0,0,0,3.298339605331421,0.0,0.0,1.0,0.0,1.0,0.29131263494491577,0.0,0.0,0.0,0.29131263494491577,0.0,0.0,0.0,0.0,0.0,0.0,0.0,0.14888502657413483,0.049958374351263046,0.14888502657413483,0.06116081401705742,0.24166665971279144,0.0,0.0,0.0,1.0,0.0018098056316375732,-3.296529769897461,-3.8851633071899414,-3.5511088371276855,1,0,0,0
150.0,1491,1,dqn_shielded,0,0,0,0,7.081878662109375,1.0,0.0,0.0,0.0,0.0,-0.29131263494491577,0.0,-0.29131263494491577,0.0,0.0,0.0,0.0,0.0,0.29131263494491577,0.0,0.29131263494491577,0.0,0.0,0.049958374351263046,0.14888502657413483,0.06116081401705742,0.25,1.0,0.0,0.0,0.0,-0.3336372971534729,-7.415515899658203,-7.667606830596924,-8.314831733703613,1,0,0,0
150.0,1491,2,dqn_shielded,1,1,1,0,7.082028388977051,0.0,1.0,0.0,0.0,0.0,-0.0996679961681366,0.0,-0.0996679961681366,0.0,0.0,0.0,0.0,0.0,0.0996679961681366,0.0,0.0996679961681366,0.0,0.0,0.049958374351263046,0.14888502657413483,0.06116081401705742,0.25,0.0,1.0,0.0,0.0,-9.432760238647461,-0.1375032663345337,-7.219531536102295,-8.450762748718262,0,1,0,0
150.0,1491,5,dqn_shielded,0,0,0,0,2.8882288932800293,0.0,0.0,1.0,0.0,1.0,0.29131263494491577,0.0,0.0,0.0,0.29131263494491577,0.0,0.0,0.0,0.0,0.0,0.0,0.0,0.14888502657413483,0.049958374351263046,0.14888502657413483,0.06116081401705742,0.25,0.0,0.0,1.0,0.0,-0.2539108991622925,-3.1421399116516113,-3.663872718811035,-3.1761884689331055,1,0,0,0
150.0,1491,6,dqn_shielded,0,0,0,0,7.96013069152832,1.0,0.0,0.0,0.0,0.0,0.0996679961681366,0.0,0.0,0.0,0.0996679961681366,0.0,0.0,0.0,0.0,0.0,0.0,0.0,0.049958374351263046,0.049958374351263046,0.14888502657413483,0.06116081401705742,0.25,0.0,0.0,0.0,1.0,0.19511118531227112,-8.183357238769531,-7.765019416809082,-9.026544570922852,1,0,0,0
155.0,1491,1,dqn_shielded,0,0,0,0,2.185727596282959,1.0,0.0,0.0,0.0,1.0,0.0,0.0,0.0,0.0,0.0,0.0,0.0,0.0,0.0,0.0,0.0,0.0,0.0,0.012499349191784859,0.049958374351263046,0.021647252142429352,0.25833332538604736,1.0,0.0,0.0,0.0,-0.3557248115539551,-3.927260637283325,-3.0561728477478027,-2.541452407836914,1,1,1,1
155.0,1491,2,dqn_shielded,1,1,1,0,1.2640068531036377,0.0,1.0,0.0,0.0,1.0,0.0,0.0,0.0,0.0,0.0,0.0,0.0,0.0,0.0,0.0,0.0,0.0,0.0,0.012499349191784859,0.049958374351263046,0.021647252142429352,0.25833332538604736,0.0,1.0,0.0,0.0,-1.550984263420105,-0.20213912427425385,-1.4661459922790527,-2.365511417388916,1,1,1,1
155.0,1491,5,dqn_shielded,0,0,0,0,8.964749336242676,1.0,0.0,0.0,0.0,0.0,-0.0996679961681366,0.0,-0.0996679961681366,0.0,0.0,0.0,0.0,0.0,0.0996679961681366,0.0,0.0996679961681366,0.0,0.0,0.012499349191784859,0.049958374351263046,0.021647252142429352,0.25833332538604736,0.0,0.0,1.0,0.0,-0.021978139877319336,-9.059147834777832,-8.986727714538574,-10.462470054626465,1,0,0,0
155.0,1491,6,dqn_shielded,2,2,2,0,2.3069584369659424,1.0,0.0,0.0,0.0,1.0,0.0,0.0,0.0996679961681366,0.0,0.0,0.0,0.0996679961681366,0.0,0.0,0.0,0.0,0.0,0.049958374351263046,0.012499349191784859,0.049958374351263046,0.021647252142429352,0.25833332538604736,0.0,0.0,0.0,1.0,-2.0347251892089844,-2.2750792503356934,0.2722332775592804,-2.520667791366577,1,1,1,1
160.0,1491,1,dqn_shielded,1,1,1,0,1.4976975917816162,1.0,0.0,0.0,0.0,1.0,-0.1973753273487091,0.0,-0.1973753273487091,0.0,0.0,0.0,0.0,0.0,0.1973753273487091,0.0,0.1973753273487091,0.0,0.0,0.07485969364643097,0.14888502657413483,0.0558435432612896,0.2666666805744171,1.0,0.0,0.0,0.0,-4.702183723449707,-0.5988523960113525,-3.3690295219421387,-2.0965499877929688,1,1,1,1
160.0,1491,2,dqn_shielded,2,2,2,0,1.596625566482544,0.0,1.0,0.0,0.0,1.0,-0.0996679961681366,0.0,0.0996679961681366,0.0,0.0,0.0,0.1973753273487091,0.0,0.0996679961681366,0.0,0.0996679961681366,0.0,0.0996679961681366,0.07485969364643097,0.14888502657413483,0.0558435432612896,0.2666666805744171,0.0,1.0,0.0,0.0,-3.277806043624878,-2.5708742141723633,0.00869344174861908,-1.5879321098327637,1,1,1,1
160.0,1491,5,dqn_shielded,2,2,2,0,3.2661917209625244,1.0,0.0,0.0,0.0,1.0,0.0,0.0,0.29131263494491577,0.0,0.0,0.0,0.29131263494491577,0.0,0.0,0.0,0.0,0.0,0.14888502657413483,0.07485969364643097,0.14888502657413483,0.0558435432612896,0.2666666805744171,0.0,0.0,1.0,0.0,-4.458542823791504,-3.5902700424194336,-0.3240782618522644,-3.8669638633728027,0,0,1,0
160.0,1491,6,dqn_shielded,2,2,2,0,7.489078044891357,0.0,0.0,1.0,0.0,0.0,0.0996679961681366,0.0,0.0,0.0,0.0996679961681366,0.0,0.0,0.0,0.0,0.0,0.0,0.0,0.049958374351263046,0.07485969364643097,0.14888502657413483,0.0558435432612896,0.2666666805744171,0.0,0.0,0.0,1.0,-7.474956512451172,-8.306148529052734,0.014121532440185547,-7.754475116729736,0,0,1,0
165.0,1491,1,dqn_shielded,1,1,1,0,7.8256940841674805,0.0,1.0,0.0,0.0,0.0,-0.0996679961681366,0.0,0.0,0.0,0.0,0.0,0.0996679961681366,0.0,0.0996679961681366,0.0,0.0996679961681366,0.0,0.049958374351263046,0.0872773751616478,0.1973753273487091,0.07381648570299149,0.2750000059604645,1.0,0.0,0.0,0.0,-9.612542152404785,-0.47997403144836426,-8.305667877197266,-9.90186595916748,0,1,0,0
165.0,1491,2,dqn_shielded,2,2,2,0,5.846452713012695,0.0,0.0,1.0,0.0,0.0,-0.3799489736557007,0.0,-0.3799489736557007,0.0,0.0,0.0,0.0,0.0,0.3799489736557007,0.0,0.3799489736557007,0.0,0.0,0.0872773751616478,0.1973753273487091,0.07381648570299149,0.2750000059604645,0.0,1.0,0.0,0.0,-6.986377716064453,-6.034467697143555,-0.18801480531692505,-6.324795246124268,0,0,1,0
165.0,1491,5,dqn_shielded,2,2,2,0,8.718852996826172,0.0,0.0,1.0,0.0,0.0,0.0996679961681366,0.0,0.0996679961681366,0.0,0.0996679961681366,0.0,0.0996679961681366,0.0,0.0,0.0,0.0,0.0,0.0996679961681366,0.0872773751616478,0.1973753273487091,0.07381648570299149,0.2750000059604645,0.0,0.0,1.0,0.0,-9.006379127502441,-8.997328758239746,-0.2440839409828186,-8.962937355041504,0,0,1,0
165.0,1491,6,dqn_shielded,0,0,0,0,3.6105844974517822,0.0,0.0,1.0,0.0,1.0,0.3799489736557007,0.0,0.0,0.0,0.3799489736557007,0.0,0.0,0.0,0.0,0.0,0.0,0.0,0.1973753273487091,0.0872773751616478,0.1973753273487091,0.07381648570299149,0.2750000059604645,0.0,0.0,0.0,1.0,-0.12381640076637268,-3.734400987625122,-4.298168182373047,-4.015644550323486,1,0,0,0
170.0,1491,1,dqn_shielded,1,1,1,0,1.9253692626953125,0.0,1.0,0.0,0.0,1.0,-0.1973753273487091,0.0,-0.0996679961681366,0.0,0.0,0.0,0.0996679961681366,0.0,0.1973753273487091,0.0,0.1973753273487091,0.0,0.049958374351263046,0.07485969364643097,0.14888502657413483,0.0558435432612896,0.28333333134651184,1.0,0.0,0.0,0.0,-3.325770854949951,-0.49081486463546753,-2.515409231185913,-2.416184186935425,1,1,1,1
170.0,1491,2,dqn_shielded,1,1,1,0,2.30706787109375,0.0,0.0,1.0,0.0,1.0,-0.29131263494491577,0.0,-0.29131263494491577,0.0,0.0,0.0,0.0,0.0,0.29131263494491577,0.0,0.29131263494491577,0.0,0.0,0.07485969364643097,0.14888502657413483,0.0558435432612896,0.28333333134651184,0.0,1.0,0.0,0.0,-4.711565017700195,-0.3588433861732483,-2.6659111976623535,-3.243389844894409,0,1,0,1
170.0,1491,5,dqn_shielded,0,0,0,0,2.0240654945373535,0.0,0.0,1.0,0.0,1.0,0.1973753273487091,0.0,0.0,0.0,0.1973753273487091,0.0,0.0,0.0,0.0,0.0,0.0,0.0,0.0996679961681366,0.07485969364643097,0.14888502657413483,0.0558435432612896,0.28333333134651184,0.0,0.0,1.0,0.0,-0.17736271023750305,-2.201428174972534,-3.173219680786133,-2.262409210205078,1,1,1,1
170.0,1491,6,dqn_shielded,0,0,0,0,7.309623718261719,1.0,0.0,0.0,0.0,0.0,0.29131263494491577,0.0,0.0,0.0,0.29131263494491577,0.0,0.0,0.0,0.0,0.0,0.0,0.0,0.14888502657413483,0.07485969364643097,0.14888502657413483,0.0558435432612896,0.28333333134651184,0.0,0.0,0.0,1.0,0.19342690706253052,-7.229557514190674,-7.116196632385254,-7.761805057525635,1,0,0,0
175.0,1491,1,dqn_shielded,2,2,2,0,1.7657575607299805,0.0,1.0,0.0,0.0,1.0,0.0996679961681366,0.0,0.1973753273487091,0.0,0.0996679961681366,0.0,0.1973753273487091,0.0,0.0,0.0,0.0,0.0,0.14888502657413483,0.07485969364643097,0.14888502657413483,0.0558435432612896,0.2916666567325592,1.0,0.0,0.0,0.0,-2.4743220806121826,-3.19472599029541,-0.4718904197216034,-2.2376480102539062,1,1,1,1
175.0,1491,2,dqn_shielded,1,1,1,0,7.33369255065918,0.0,1.0,0.0,0.0,0.0,0.0996679961681366,0.0,0.0,0.0,0.0996679961681366,0.0,0.0,0.0,0.0,0.0,0.0,0.0,0.049958374351263046,0.07485969364643097,0.14888502657413483,0.0558435432612896,0.2916666567325592,0.0,1.0,0.0,0.0,-9.825024604797363,-0.3429318070411682,-7.676624298095703,-9.237961769104004,0,1,0,0
175.0,1491,5,dqn_shielded,0,0,0,0,7.829822063446045,1.0,0.0,0.0,0.0,0.0,-0.1973753273487091,0.0,-0.1973753273487091,0.0,0.0,0.0,0.0,0.0,0.1973753273487091,0.0,0.1973753273487091,0.0,0.0,0.07485969364643097,0.14888502657413483,0.0558435432612896,0.2916666567325592,0.0,0.0,1.0,0.0,-0.1428338885307312,-7.972655773162842,-8.335241317749023,-9.2645263671875,1,0,0,0
175.0,1491,6,dqn_shielded,2,2,2,0,2.2660467624664307,1.0,0.0,0.0,0.0,1.0,0.0,0.0,0.1973753273487091,0.0,0.0,0.0,0.1973753273487091,0.0,0.0,0.0,0.0,0.0,0.0996679961681366,0.07485969364643097,0.14888502657413483,0.0558435432612896,0.2916666567325592,0.0,0.0,0.0,1.0,-2.168686628341675,-2.219935417175293,0.09736007452011108,-3.0261924266815186,1,1,1,1
180.0,1491,1,dqn_shielded,2,2,2,0,6.624085426330566,0.0,0.0,1.0,0.0,0.0,0.1973753273487091,0.0,0.0,0.0,0.1973753273487091,0.0,0.0,0.0,0.0,0.0,0.0,0.0,0.0996679961681366,0.049958374351263046,0.0996679961681366,0.03534061461687088,0.30000001192092896,1.0,0.0,0.0,0.0,-7.066056251525879,-8.826780319213867,-0.4419708847999573,-7.8877058029174805,0,0,1,0
180.0,1491,2,dqn_shielded,0,0,1,0,0.8730642795562744,0.0,1.0,0.0,0.0,1.0,0.0,0.0,-0.0996679961681366,0.0,0.0996679961681366,0.0,0.0,0.0,0.0996679961681366,0.0,0.0996679961681366,0.0,0.049958374351263046,0.049958374351263046,0.0996679961681366,0.03534061461687088,0.30000001192092896,0.0,1.0,0.0,0.0,-0.06370662152767181,-0.9367709159851074,-2.2600257396698,-2.3256468772888184,1,1,1,1
180.0,1491,5,dqn_shielded,0,0,0,0,2.286848306655884,1.0,0.0,0.0,0.0,1.0,0.0,0.0,0.0,0.0,0.0,0.0,0.0,0.0,0.0,0.0,0.0,0.0,0.0,0.049958374351263046,0.0996679961681366,0.03534061461687088,0.30000001192092896,0.0,0.0,1.0,0.0,0.08905525505542755,-2.2211239337921143,-2.249384641647339,-2.1977930068969727,1,1,1,1
180.0,1491,6,dqn_shielded,2,2,2,0,7.516106128692627,0.0,0.0,1.0,0.0,0.0,0.0996679961681366,0.0,0.0,0.0,0.0996679961681366,0.0,0.0,0.0,0.0,0.0,0.0,0.0,0.049958374351263046,0.049958374351263046,0.0996679961681366,0.03534061461687088,0.30000001192092896,0.0,0.0,0.0,1.0,-7.494029521942139,-8.492502212524414,0.02207660675048828,-7.875614643096924,0,0,1,0
185.0,1491,1,dqn_shielded,0,0,0,0,1.8655140399932861,0.0,0.0,1.0,0.0,1.0,0.29131263494491577,0.0,0.0,0.0,0.29131263494491577,0.0,0.0,0.0,0.0,0.0,0.0,0.0,0.14888502657413483,0.07485969364643097,0.14888502657413483,0.0558435432612896,0.3083333373069763,1.0,0.0,0.0,0.0,-0.5378468632698059,-3.192314624786377,-3.077943801879883,-2.4033608436584473,1,0,0,0
185.0,1491,2,dqn_shielded,0,0,0,0,7.776706218719482,1.0,0.0,0.0,0.0,0.0,-0.1973753273487091,0.0,-0.1973753273487091,0.0,0.0,0.0,0.0,0.0,0.1973753273487091,0.0,0.1973753273487091,0.0,0.0,0.07485969364643097,0.14888502657413483,0.0558435432612896,0.3083333373069763,0.0,1.0,0.0,0.0,-0.09237819910049438,-7.869084358215332,-8.272950172424316,-9.313063621520996,1,0,0,0
185.0,1491,5,dqn_shielded,2,2,2,0,1.7399561405181885,1.0,0.0,0.0,0.0,1.0,0.0,0.0,0.0996679961681366,0.0,0.0,0.0,0.0996679961681366,0.0,0.0,0.0,0.0,0.0,0.049958374351263046,0.07485969364643097,0.14888502657413483,0.0558435432612896,0.3083333373069763,0.0,0.0,1.0,0.0,-1.7223516702651978,-1.722886562347412,0.01760442554950714,-1.8847358226776123,1,1,1,1
185.0,1491,6,dqn_shielded,0,0,0,0,2.664424419403076,0.0,0.0,1.0,0.0,1.0,0.1973753273487091,0.0,0.0,0.0,0.1973753273487091,0.0,0.0,0.0,0.0,0.0,0.0,0.0,0.0996679961681366,0.07485969364643097,0.14888502657413483,0.0558435432612896,0.3083333373069763,0.0,0.0,0.0,1.0,0.07277680933475494,-2.5916476249694824,-3.1445655822753906,-2.8358476161956787,1,1,1,1
190.0,1491,1,dqn_shielded,0,0,0,0,8.792534828186035,1.0,0.0,0.0,0.0,0.0,0.0,0.0,0.0,0.0,0.0,0.0,0.0,0.0,0.0,0.0,0.0,0.0,0.0,0.02499479241669178,0.0996679961681366,0.043274227529764175,0.3166666626930237,1.0,0.0,0.0,0.0,-0.4028667211532593,-9.861573219299316,-9.195401191711426,-10.951332092285156,1,0,0,0
190.0,1491,2,dqn_shielded,0,0,0,0,2.0009195804595947,1.0,0.0,0.0,0.0,1.0,0.0,0.0,0.0,0.0,0.0,0.0,0.0,0.0,0.0,0.0,0.0,0.0,0.0,0.02499479241669178,0.0996679961681366,0.043274227529764175,0.3166666626930237,0.0,1.0,0.0,0.0,-0.00922434777021408,-2.528317451477051,-2.0266988277435303,-2.010143995285034,1,1,1,1
190.0,1491,5,dqn_shielded,2,2,2,0,8.604850769042969,0.0,0.0,1.0,0.0,0.0,-0.1973753273487091,0.0,-0.1973753273487091,0.0,0.0,0.0,0.0,0.0,0.1973753273487091,0.0,0.1973753273487091,0.0,0.0,0.02499479241669178,0.0996679961681366,0.043274227529764175,0.3166666626930237,0.0,0.0,1.0,0.0,-9.832056045532227,-8.647512435913086,-0.04266172647476196,-8.647997856140137,0,0,1,0
190.0,1491,6,dqn_shielded,0,0,0,0,6.641551971435547,1.0,0.0,0.0,0.0,0.0,0.0,0.0,0.1973753273487091,0.0,0.0,0.0,0.1973753273487091,0.0,0.0,0.0,0.0,0.0,0.0996679961681366,0.02499479241669178,0.0996679961681366,0.043274227529764175,0.3166666626930237,0.0,0.0,0.0,1.0,0.11132735013961792,-7.516811370849609,-6.530224800109863,-9.29233169555664,1,0,0,0
195.0,1491,1,dqn_shielded,0,0,0,0,1.4250340461730957,1.0,0.0,0.0,0.0,1.0,0.0,0.0,0.0,0.0,0.0,0.0,0.0,0.0,0.0,0.0,0.0,0.0,0.0,0.03748243302106857,0.14888502657413483,0.06486071646213531,0.32499998807907104,1.0,0.0,0.0,0.0,-0.40919309854507446,-3.398865222930908,-1.969094157218933,-1.834227204322815,1,1,1,1
195.0,1491,2,dqn_shielded,0,0,0,0,1.7202725410461426,1.0,0.0,0.0,0.0,1.0,0.0,0.0,0.0,0.0,0.0,0.0,0.0,0.0,0.0,0.0,0.0,0.0,0.0,0.03748243302106857,0.14888502657413483,0.06486071646213531,0.32499998807907104,0.0,1.0,0.0,0.0,-0.035402439534664154,-2.399782657623291,-1.7588869333267212,-1.755674958229065,1,1,1,1
195.0,1491,5,dqn_shielded,1,1,1,0,1.1487866640090942,0.0,0.0,1.0,0.0,1.0,-0.29131263494491577,0.0,-0.29131263494491577,0.0,0.0,0.0,0.0,0.0,0.29131263494491577,0.0,0.29131263494491577,0.0,0.0,0.03748243302106857,0.14888502657413483,0.06486071646213531,0.32499998807907104,0.0,0.0,1.0,0.0,-4.877091884613037,-0.42367979884147644,-2.376899242401123,-1.572466492652893,0,1,0,1
195.0,1491,6,dqn_shielded,2,2,2,0,3.1579809188842773,1.0,0.0,0.0,0.0,1.0,0.0,0.0,0.29131263494491577,0.0,0.0,0.0,0.29131263494491577,0.0,0.0,0.0,0.0,0.0,0.14888502657413483,0.03748243302106857,0.14888502657413483,0.06486071646213531,0.32499998807907104,0.0,0.0,0.0,1.0,-3.165600299835205,-3.435925006866455,-0.007619500160217285,-3.982846260070801,0,0,1,0
200.0,1491,1,dqn_shielded,1,1,1,0,1.7923903465270996,1.0,0.0,0.0,0.0,1.0,-0.1973753273487091,0.0,-0.1973753273487091,0.0,0.0,0.0,0.0,0.0,0.1973753273487091,0.0,0.1973753273487091,0.0,0.0,0.02499479241669178,0.0996679961681366,0.043274227529764175,0.3333333432674408,1.0,0.0,0.0,0.0,-5.1236772537231445,-0.5760843753814697,-3.6330575942993164,-2.3684747219085693,1,1,1,1
200.0,1491,2,dqn_shielded,2,2,2,0,2.653613328933716,1.0,0.0,0.0,0.0,1.0,0.0,0.0,0.1973753273487091,0.0,0.0,0.0,0.1973753273487091,0.0,0.0,0.0,0.0,0.0,0.0996679961681366,0.02499479241669178,0.0996679961681366,0.043274227529764175,0.3333333432674408,0.0,1.0,0.0,0.0,-2.7013821601867676,-3.7623212337493896,-0.04776880145072937,-2.8378241062164307,1,1,1,1
200.0,1491,5,dqn_shielded,1,1,1,0,8.172791481018066,0.0,1.0,0.0,0.0,0.0,0.0,0.0,0.0,0.0,0.0,0.0,0.0,0.0,0.0,0.0,0.0,0.0,0.0,0.02499479241669178,0.0996679961681366,0.043274227529764175,0.3333333432674408,0.0,0.0,1.0,0.0,-10.832101821899414,-0.17719829082489014,-8.349989891052246,-10.410536766052246,0,1,0,0
200.0,1491,6,dqn_shielded,2,2,2,0,8.422967910766602,0.0,0.0,1.0,0.0,0.0,0.0,0.0,0.0,0.0,0.0,0.0,0.0,0.0,0.0,0.0,0.0,0.0,0.0,0.02499479241669178,0.0996679961681366,0.043274227529764175,0.3333333432674408,0.0,0.0,0.0,1.0,-8.759303092956543,-8.953869819641113,0.1620652675628662,-8.260902404785156,0,0,1,0
205.0,1491,1,dqn_shielded,1,1,1,0,8.126070022583008,0.0,1.0,0.0,0.0,0.0,-0.0996679961681366,0.0,0.0,0.0,0.0,0.0,0.0996679961681366,0.0,0.0996679961681366,0.0,0.0996679961681366,0.0,0.049958374351263046,0.03748243302106857,0.0996679961681366,0.04143407568335533,0.34166666865348816,1.0,0.0,0.0,0.0,-9.816434860229492,-0.4021635055541992,-8.528233528137207,-10.192527770996094,0,1,0,0
205.0,1491,2,dqn_shielded,2,2,2,0,8.938060760498047,0.0,0.0,1.0,0.0,0.0,0.0,0.0,0.0,0.0,0.0,0.0,0.0,0.0,0.0,0.0,0.0,0.0,0.0,0.03748243302106857,0.0996679961681366,0.04143407568335533,0.34166666865348816,0.0,1.0,0.0,0.0,-10.488982200622559,-9.00928783416748,-0.07122725248336792,-9.120527267456055,0,0,1,0
205.0,1491,5,dqn_shielded,0,0,0,0,1.8548294305801392,0.0,1.0,0.0,0.0,1.0,0.0996679961681366,0.0,0.0996679961681366,0.0,0.0996679961681366,0.0,0.0996679961681366,0.0,0.0,0.0,0.0,0.0,0.0996679961681366,0.03748243302106857,0.0996679961681366,0.04143407568335533,0.34166666865348816,0.0,0.0,1.0,0.0,-0.12020964920520782,-2.842580795288086,-1.9750391244888306,-2.5847792625427246,1,1,1,1
205.0,1491,6,dqn_shielded,2,2,2,0,1.9690380096435547,0.0,0.0,1.0,0.0,1.0,0.0,0.0,0.0,0.0,0.0,0.0,0.0,0.0,0.0,0.0,0.0,0.0,0.0,0.03748243302106857,0.0996679961681366,0.04143407568335533,0.34166666865348816,0.0,0.0,0.0,1.0,-1.6405565738677979,-1.8770179748535156,0.32848137617111206,-1.842674732208252,1,1,1,1
210.0,1491,1,dqn_shielded,2,2,2,0,2.6862244606018066,0.0,1.0,0.0,0.0,1.0,0.0996679961681366,0.0,0.29131263494491577,0.0,0.0996679961681366,0.0,0.29131263494491577,0.0,0.0,0.0,0.0,0.0,0.1973753273487091,0.11202777922153473,0.1973753273487091,0.05443238466978073,0.3499999940395355,1.0,0.0,0.0,0.0,-3.939398765563965,-4.355529308319092,-0.7342056035995483,-3.4204301834106445,1,0,1,0
210.0,1491,2,dqn_shielded,0,0,0,0,2.431577682495117,0.0,0.0,1.0,0.0,1.0,0.0996679961681366,0.0,-0.0996679961681366,0.0,0.1973753273487091,0.0,0.0,0.0,0.0996679961681366,0.0,0.0996679961681366,0.0,0.0996679961681366,0.11202777922153473,0.1973753273487091,0.05443238466978073,0.3499999940395355,0.0,1.0,0.0,0.0,-0.1530907154083252,-2.8488311767578125,-2.5927910804748535,-2.5846683979034424,1,1,1,1
210.0,1491,5,dqn_shielded,0,0,0,0,7.214020252227783,1.0,0.0,0.0,0.0,0.0,0.0,0.0,0.1973753273487091,0.0,0.0,0.0,0.1973753273487091,0.0,0.0,0.0,0.0,0.0,0.0996679961681366,0.11202777922153473,0.1973753273487091,0.05443238466978073,0.3499999940395355,0.0,0.0,1.0,0.0,-0.11988192796707153,-8.048316955566406,-7.333902359008789,-9.7987699508667,1,0,0,0
210.0,1491,6,dqn_shielded,0,0,0,0,1.902956485748291,0.0,0.0,1.0,0.0,1.0,0.0996679961681366,0.0,0.0,0.0,0.0996679961681366,0.0,0.0,0.0,0.0,0.0,0.0,0.0,0.049958374351263046,0.11202777922153473,0.1973753273487091,0.05443238466978073,0.3499999940395355,0.0,0.0,0.0,1.0,-0.020293235778808594,-1.9232497215270996,-2.122260093688965,-2.0347161293029785,1,1,1,1
215.0,1491,1,dqn_shielded,2,2,2,0,8.242079734802246,0.0,0.0,1.0,0.0,0.0,0.0996679961681366,0.0,0.0,0.0,0.0996679961681366,0.0,0.0,0.0,0.0,0.0,0.0,0.0,0.049958374351263046,0.06241874769330025,0.14888502657413483,0.05443238466978073,0.3583333194255829,1.0,0.0,0.0,0.0,-8.820405960083008,-9.449408531188965,-0.479658842086792,-8.721738815307617,0,0,1,0
215.0,1491,2,dqn_shielded,0,0,0,0,8.835161209106445,1.0,0.0,0.0,0.0,0.0,0.0,0.0,0.0,0.0,0.0,0.0,0.0,0.0,0.0,0.0,0.0,0.0,0.0,0.06241874769330025,0.14888502657413483,0.05443238466978073,0.3583333194255829,0.0,1.0,0.0,0.0,-0.009489059448242188,-9.669824600219727,-8.844650268554688,-10.812217712402344,1,0,0,0
215.0,1491,5,dqn_shielded,2,2,2,0,2.283737897872925,1.0,0.0,0.0,0.0,1.0,-0.0996679961681366,0.0,0.1973753273487091,0.0,0.0,0.0,0.29131263494491577,0.0,0.0996679961681366,0.0,0.0996679961681366,0.0,0.14888502657413483,0.06241874769330025,0.14888502657413483,0.05443238466978073,0.3583333194255829,0.0,0.0,1.0,0.0,-4.386662483215332,-2.5464704036712646,-0.26273244619369507,-2.5724635124206543,0,1,1,1
215.0,1491,6,dqn_shielded,0,0,0,0,7.486034870147705,1.0,0.0,0.0,0.0,0.0,0.0,0.0,0.0996679961681366,0.0,0.0,0.0,0.0996679961681366,0.0,0.0,0.0,0.0,0.0,0.049958374351263046,0.06241874769330025,0.14888502657413483,0.05443238466978073,0.3583333194255829,0.0,0.0,0.0,1.0,0.14864158630371094,-7.985802173614502,-7.337393283843994,-9.450912475585938,1,0,0,0
220.0,1491,1,dqn_shielded,0,0,0,0,1.3734161853790283,0.0,0.0,1.0,0.0,1.0,0.0996679961681366,0.0,0.0,0.0,0.0996679961681366,0.0,0.0,0.0,0.0,0.0,0.0,0.0,0.049958374351263046,0.049958374351263046,0.0996679961681366,0.03534061461687088,0.36666667461395264,1.0,0.0,0.0,0.0,-0.2958483099937439,-2.3198792934417725,-1.9025546312332153,-1.6692644357681274,1,1,1,1
220.0,1491,2,dqn_shielded,0,0,0,0,1.8703856468200684,1.0,0.0,0.0,0.0,1.0,0.0,0.0,0.0,0.0,0.0,0.0,0.0,0.0,0.0,0.0,0.0,0.0,0.0,0.049958374351263046,0.0996679961681366,0.03534061461687088,0.36666667461395264,0.0,1.0,0.0,0.0,-0.0416136160492897,-2.541057825088501,-1.9977679252624512,-1.911999225616455,1,1,1,1
220.0,1491,5,dqn_shielded,2,2,2,0,9.476024627685547,0.0,0.0,1.0,0.0,0.0,-0.0996679961681366,0.0,0.0996679961681366,0.0,0.0,0.0,0.1973753273487091,0.0,0.0996679961681366,0.0,0.0996679961681366,0.0,0.0996679961681366,0.049958374351263046,0.0996679961681366,0.03534061461687088,0.36666667461395264,0.0,0.0,1.0,0.0,-10.11595344543457,-9.708953857421875,-0.09015035629272461,-9.56617546081543,0,0,1,0
220.0,1491,6,dqn_shielded,2,2,2,0,2.1989455223083496,1.0,0.0,0.0,0.0,1.0,0.0,0.0,0.0996679961681366,0.0,0.0,0.0,0.0996679961681366,0.0,0.0,0.0,0.0,0.0,0.049958374351263046,0.049958374351263046,0.0996679961681366,0.03534061461687088,0.36666667461395264,0.0,0.0,0.0,1.0,-2.005775213241577,-2.2102487087249756,0.19317029416561127,-2.3766653537750244,1,1,1,1
225.0,1491,1,dqn_shielded,0,0,0,0,9.007970809936523,1.0,0.0,0.0,0.0,0.0,0.0,0.0,0.0,0.0,0.0,0.0,0.0,0.0,0.0,0.0,0.0,0.0,0.0,0.0,0.0,0.0,0.375,1.0,0.0,0.0,0.0,-0.39797693490982056,-10.03227424621582,-9.4059476852417,-11.168766975402832,1,0,0,0
225.0,1491,2,dqn_shielded,0,0,0,0,2.46781587600708,1.0,0.0,0.0,0.0,1.0,0.0,0.0,0.0,0.0,0.0,0.0,0.0,0.0,0.0,0.0,0.0,0.0,0.0,0.0,0.0,0.0,0.375,0.0,1.0,0.0,0.0,0.013022661209106445,-2.8389956951141357,-2.511265993118286,-2.4547932147979736,1,1,1,1
225.0,1491,5,dqn_shielded,2,2,2,0,2.7150139808654785,0.0,0.0,1.0,0.0,1.0,0.0,0.0,0.0,0.0,0.0,0.0,0.0,0.0,0.0,0.0,0.0,0.0,0.0,0.0,0.0,0.0,0.375,0.0,0.0,1.0,0.0,-3.236203670501709,-2.7496657371520996,-0.03465184569358826,-3.011143207550049,1,1,1,1
225.0,1491,6,dqn_shielded,2,2,2,0,8.467923164367676,0.0,0.0,1.0,0.0,0.0,0.0,0.0,0.0,0.0,0.0,0.0,0.0,0.0,0.0,0.0,0.0,0.0,0.0,0.0,0.0,0.0,0.375,0.0,0.0,0.0,1.0,-8.688645362854004,-9.077287673950195,0.18730634450912476,-8.280616760253906,0,0,1,0
230.0,1491,1,dqn_shielded,1,1,1,0,0.4906718134880066,1.0,0.0,0.0,0.0,1.0,-0.0996679961681366,0.0,0.0,0.0,0.0,0.0,0.0996679961681366,0.0,0.0996679961681366,0.0,0.0996679961681366,0.0,0.049958374351263046,0.03748243302106857,0.049958374351263046,0.021647252142429352,0.38333332538604736,1.0,0.0,0.0,0.0,-2.8149614334106445,-0.8548368811607361,-1.3455086946487427,-1.787345290184021,1,1,1,1
230.0,1491,2,dqn_shielded,1,1,1,0,1.763000249862671,1.0,0.0,0.0,0.0,1.0,-0.0996679961681366,0.0,0.0,0.0,0.0,0.0,0.0996679961681366,0.0,0.0996679961681366,0.0,0.0996679961681366,0.0,0.049958374351263046,0.03748243302106857,0.049958374351263046,0.021647252142429352,0.38333332538604736,0.0,1.0,0.0,0.0,-3.0832717418670654,-0.6437110900878906,-2.4067113399505615,-3.224144697189331,1,1,1,1
230.0,1491,5,dqn_shielded,2,2,2,0,2.4573566913604736,0.0,0.0,1.0,0.0,1.0,0.0,0.0,0.0,0.0,0.0,0.0,0.0,0.0,0.0,0.0,0.0,0.0,0.0,0.03748243302106857,0.049958374351263046,0.021647252142429352,0.38333332538604736,0.0,0.0,1.0,0.0,-3.1829116344451904,-2.4611382484436035,-0.003781527280807495,-2.6685280799865723,1,1,1,1
230.0,1491,6,dqn_shielded,0,0,0,0,2.1165778636932373,0.0,0.0,1.0,0.0,1.0,0.0996679961681366,0.0,0.0,0.0,0.0996679961681366,0.0,0.0,0.0,0.0,0.0,0.0,0.0,0.049958374351263046,0.03748243302106857,0.049958374351263046,0.021647252142429352,0.38333332538604736,0.0,0.0,0.0,1.0,0.16457456350326538,-1.9520032405853271,-2.5772087574005127,-2.3585822582244873,1,1,1,1
235.0,1491,1,dqn_shielded,1,1,1,0,5.945162296295166,0.0,1.0,0.0,0.0,0.0,-0.29131263494491577,0.0,0.0,0.0,0.0,0.0,0.29131263494491577,0.0,0.29131263494491577,0.0,0.29131263494491577,0.0,0.14888502657413483,0.0996679961681366,0.1973753273487091,0.07889264822006226,0.3916666805744171,1.0,0.0,0.0,0.0,-6.642568111419678,-0.6585134267807007,-6.603675842285156,-7.739166259765625,0,1,0,0
235.0,1491,2,dqn_shielded,1,1,1,0,6.242356300354004,0.0,1.0,0.0,0.0,0.0,0.0996679961681366,0.0,0.29131263494491577,0.0,0.0996679961681366,0.0,0.29131263494491577,0.0,0.0,0.0,0.0,0.0,0.1973753273487091,0.0996679961681366,0.1973753273487091,0.07889264822006226,0.3916666805744171,0.0,1.0,0.0,0.0,-8.546358108520508,-0.7552675604820251,-6.997623920440674,-9.45191478729248,0,1,0,0
235.0,1491,5,dqn_shielded,1,1,1,0,0.47413337230682373,0.0,0.0,1.0,0.0,1.0,-0.0996679961681366,0.0,-0.0996679961681366,0.0,0.0,0.0,0.0,0.0,0.0996679961681366,0.0,0.0996679961681366,0.0,0.0,0.0996679961681366,0.1973753273487091,0.07889264822006226,0.3916666805744171,0.0,0.0,1.0,0.0,-3.2828168869018555,-0.6261297464370728,-1.1002631187438965,-1.9054566621780396,1,1,1,1
235.0,1491,6,dqn_shielded,0,0,0,0,7.243798732757568,1.0,0.0,0.0,0.0,0.0,0.0,0.0,0.0996679961681366,0.0,0.0,0.0,0.0996679961681366,0.0,0.0,0.0,0.0,0.0,0.049958374351263046,0.0996679961681366,0.1973753273487091,0.07889264822006226,0.3916666805744171,0.0,0.0,0.0,1.0,0.12165802717208862,-7.74708366394043,-7.122140884399414,-9.202940940856934,1,0,0,0
240.0,1491,1,dqn_shielded,1,1,1,0,0.9116157293319702,0.0,1.0,0.0,0.0,1.0,-0.46211719512939453,0.0,-0.0996679961681366,0.0,0.0,0.0,0.3799489736557007,0.0,0.46211719512939453,0.0,0.46211719512939453,0.0,0.1973753273487091,0.1610846072435379,0.24491865932941437,0.07381648570299149,0.4000000059604645,1.0,0.0,0.0,0.0,-2.259530544281006,-0.6112902164459229,-1.5765072107315063,-1.522905945777893,0,1,1,1
240.0,1491,2,dqn_shielded,2,2,2,0,3.2133562564849854,0.0,1.0,0.0,0.0,1.0,0.0996679961681366,0.0,0.3799489736557007,0.0,0.0996679961681366,0.0,0.3799489736557007,0.0,0.0,0.0,0.0,0.0,0.24491865932941437,0.1610846072435379,0.24491865932941437,0.07381648570299149,0.4000000059604645,0.0,1.0,0.0,0.0,-4.411789894104004,-4.6190505027771,-0.658830463886261,-3.8721866607666016,0,0,1,0
240.0,1491,5,dqn_shielded,1,1,1,0,5.914797782897949,0.0,1.0,0.0,0.0,0.0,-0.1973753273487091,0.0,-0.29131263494491577,0.0,0.0996679961681366,0.0,0.0,0.0,0.29131263494491577,0.0,0.29131263494491577,0.0,0.049958374351263046,0.1610846072435379,0.24491865932941437,0.07381648570299149,0.4000000059604645,0.0,0.0,1.0,0.0,-7.741797924041748,-0.41446298360824585,-6.32926082611084,-7.294087886810303,0,1,0,0
240.0,1491,6,dqn_shielded,2,2,2,0,3.084479331970215,1.0,0.0,0.0,0.0,1.0,0.0,0.0,0.29131263494491577,0.0,0.0,0.0,0.29131263494491577,0.0,0.0,0.0,0.0,0.0,0.14888502657413483,0.1610846072435379,0.24491865932941437,0.07381648570299149,0.4000000059604645,0.0,0.0,0.0,1.0,-3.2195568084716797,-3.581955909729004,-0.1350775957107544,-3.938288688659668,0,0,1,0
245.0,1491,1,dqn_shielded,2,2,1,0,0.23737192153930664,0.0,1.0,0.0,0.0,1.0,-0.29131263494491577,0.0,0.0,0.0,0.0996679961681366,0.0,0.3799489736557007,0.0,0.3799489736557007,0.0,0.3799489736557007,0.0,0.24491865932941437,0.18533320724964142,0.24491865932941437,0.04143407568335533,0.40833333134651184,1.0,0.0,0.0,0.0,-1.5152164697647095,-1.0973604917526245,-0.8599885702133179,-1.3447628021240234,0,1,1,1
245.0,1491,2,dqn_shielded,2,2,2,0,6.979151725769043,0.0,0.0,1.0,0.0,0.0,0.1973753273487091,0.0,0.0996679961681366,0.0,0.1973753273487091,0.0,0.0996679961681366,0.0,0.0,0.0,0.0,0.0,0.14888502657413483,0.18533320724964142,0.24491865932941437,0.04143407568335533,0.40833333134651184,0.0,1.0,0.0,0.0,-7.311039924621582,-8.021145820617676,-0.33188819885253906,-7.757719039916992,0,0,1,0
245.0,1491,5,dqn_shielded,0,0,1,0,0.1586131453514099,0.0,1.0,0.0,0.0,1.0,0.0,0.0,-0.1973753273487091,0.0,0.29131263494491577,0.0,0.0996679961681366,0.0,0.29131263494491577,0.0,0.29131263494491577,0.0,0.1973753273487091,0.18533320724964142,0.24491865932941437,0.04143407568335533,0.40833333134651184,0.0,0.0,1.0,0.0,-0.7612257599830627,-0.9198389053344727,-2.7582619190216064,-2.4980242252349854,1,1,1,1
245.0,1491,6,dqn_shielded,2,2,2,0,7.28656530380249,0.0,0.0,1.0,0.0,0.0,0.0,0.0,0.29131263494491577,0.0,0.0,0.0,0.29131263494491577,0.0,0.0,0.0,0.0,0.0,0.14888502657413483,0.18533320724964142,0.24491865932941437,0.04143407568335533,0.40833333134651184,0.0,0.0,0.0,1.0,-7.3676347732543945,-8.462554931640625,-0.08106964826583862,-8.030649185180664,0,0,1,0
250.0,1491,1,dqn_shielded,2,2,2,0,6.393547058105469,0.0,0.0,1.0,0.0,0.0,0.1973753273487091,0.0,0.1973753273487091,0.0,0.1973753273487091,0.0,0.1973753273487091,0.0,0.0,0.0,0.0,0.0,0.1973753273487091,0.12435299903154373,0.1973753273487091,0.07485969364643097,0.4166666567325592,1.0,0.0,0.0,0.0,-6.98187255859375,-8.807300567626953,-0.5883252620697021,-8.351256370544434,0,0,1,0
250.0,1491,2,dqn_shielded,0,0,0,0,3.155789613723755,0.0,0.0,1.0,0.0,1.0,0.29131263494491577,0.0,-0.0996679961681366,0.0,0.3799489736557007,0.0,0.0,0.0,0.0996679961681366,0.0,0.0996679961681366,0.0,0.1973753273487091,0.12435299903154373,0.1973753273487091,0.07485969364643097,0.4166666567325592,0.0,1.0,0.0,0.0,-0.21181802451610565,-3.419210433959961,-3.5983612537384033,-3.367607593536377,1,0,0,0
250.0,1491,5,dqn_shielded,0,0,0,0,8.04244327545166,1.0,0.0,0.0,0.0,0.0,0.0,0.0,0.0996679961681366,0.0,0.0,0.0,0.0996679961681366,0.0,0.0,0.0,0.0,0.0,0.049958374351263046,0.12435299903154373,0.1973753273487091,0.07485969364643097,0.4166666567325592,0.0,0.0,1.0,0.0,-0.1188737154006958,-8.700385093688965,-8.161316871643066,-10.100784301757812,1,0,0,0
250.0,1491,6,dqn_shielded,0,0,0,0,1.8053463697433472,0.0,0.0,1.0,0.0,1.0,0.0996679961681366,0.0,0.0,0.0,0.0996679961681366,0.0,0.0,0.0,0.0,0.0,0.0,0.0,0.049958374351263046,0.12435299903154373,0.1973753273487091,0.07485969364643097,0.4166666567325592,0.0,0.0,0.0,1.0,-0.0435110479593277,-1.8488574028015137,-2.0577163696289062,-1.9420112371444702,1,1,1,1
255.0,1491,1,dqn_shielded,0,0,0,0,1.5638041496276855,0.0,0.0,1.0,0.0,1.0,0.1973753273487091,0.0,-0.0996679961681366,0.0,0.29131263494491577,0.0,0.0,0.0,0.0996679961681366,0.0,0.0996679961681366,0.0,0.14888502657413483,0.12435299903154373,0.24491865932941437,0.0827261283993721,0.42500001192092896,1.0,0.0,0.0,0.0,-0.5411544442176819,-2.671990156173706,-3.105058431625366,-2.1049585342407227,1,1,0,1
255.0,1491,2,dqn_shielded,0,0,0,0,5.992713451385498,1.0,0.0,0.0,0.0,0.0,0.3799489736557007,0.0,0.0996679961681366,0.0,0.3799489736557007,0.0,0.0996679961681366,0.0,0.0,0.0,0.0,0.0,0.24491865932941437,0.12435299903154373,0.24491865932941437,0.0827261283993721,0.42500001192092896,0.0,1.0,0.0,0.0,0.01432037353515625,-7.112022876739502,-5.978393077850342,-7.799361705780029,1,0,0,0
255.0,1491,5,dqn_shielded,1,1,1,0,0.30685847997665405,1.0,0.0,0.0,0.0,1.0,-0.0996679961681366,0.0,0.0,0.0,0.0,0.0,0.0996679961681366,0.0,0.0996679961681366,0.0,0.0996679961681366,0.0,0.049958374351263046,0.12435299903154373,0.24491865932941437,0.0827261283993721,0.42500001192092896,0.0,0.0,1.0,0.0,-1.121792197227478,-0.6542274951934814,-0.9610859751701355,-1.3713804483413696,1,1,1,1
255.0,1491,6,dqn_shielded,0,0,0,0,7.1064910888671875,1.0,0.0,0.0,0.0,0.0,0.0,0.0,0.0996679961681366,0.0,0.0,0.0,0.0996679961681366,0.0,0.0,0.0,0.0,0.0,0.049958374351263046,0.12435299903154373,0.24491865932941437,0.0827261283993721,0.42500001192092896,0.0,0.0,0.0,1.0,0.10011938214302063,-7.622285842895508,-7.00637149810791,-9.104578971862793,1,0,0,0
260.0,1491,1,dqn_shielded,0,0,0,0,8.851045608520508,1.0,0.0,0.0,0.0,0.0,-0.0996679961681366,0.0,0.0,0.0,0.0,0.0,0.0996679961681366,0.0,0.0996679961681366,0.0,0.0996679961681366,0.0,0.049958374351263046,0.07485969364643097,0.0996679961681366,0.02499479241669178,0.4333333373069763,1.0,0.0,0.0,0.0,-0.4009121060371399,-9.504003524780273,-9.251957893371582,-10.899561882019043,1,0,0,0
260.0,1491,2,dqn_shielded,2,2,2,0,1.7531592845916748,1.0,0.0,0.0,0.0,1.0,0.0,0.0,0.0996679961681366,0.0,0.0,0.0,0.0996679961681366,0.0,0.0,0.0,0.0,0.0,0.049958374351263046,0.07485969364643097,0.0996679961681366,0.02499479241669178,0.4333333373069763,0.0,1.0,0.0,0.0,-2.1388912200927734,-2.9281837940216064,-0.04423583298921585,-1.79739511013031,1,1,1,1
260.0,1491,5,dqn_shielded,1,1,1,0,7.175136089324951,0.0,1.0,0.0,0.0,0.0,-0.1973753273487091,0.0,0.0,0.0,0.0,0.0,0.1973753273487091,0.0,0.1973753273487091,0.0,0.1973753273487091,0.0,0.0996679961681366,0.07485969364643097,0.0996679961681366,0.02499479241669178,0.4333333373069763,0.0,0.0,1.0,0.0,-8.414620399475098,-0.23595374822616577,-7.411089897155762,-8.531819343566895,0,1,0,0
260.0,1491,6,dqn_shielded,2,2,2,0,2.6209053993225098,1.0,0.0,0.0,0.0,1.0,0.0,0.0,0.1973753273487091,0.0,0.0,0.0,0.1973753273487091,0.0,0.0,0.0,0.0,0.0,0.0996679961681366,0.07485969364643097,0.0996679961681366,0.02499479241669178,0.4333333373069763,0.0,0.0,0.0,1.0,-2.6192097663879395,-2.529973030090332,0.09093225002288818,-3.1702513694763184,1,1,1,1
265.0,1491,1,dqn_shielded,2,2,2,0,1.5039018392562866,1.0,0.0,0.0,0.0,1.0,0.0,0.0,0.0996679961681366,0.0,0.0,0.0,0.0996679961681366,0.0,0.0,0.0,0.0,0.0,0.049958374351263046,0.049958374351263046,0.0996679961681366,0.03534061461687088,0.4416666626930237,1.0,0.0,0.0,0.0,-2.3553457260131836,-3.3658268451690674,-0.3931986093521118,-1.8971004486083984,1,1,1,1
265.0,1491,2,dqn_shielded,2,2,2,0,8.441332817077637,0.0,0.0,1.0,0.0,0.0,0.0996679961681366,0.0,0.0,0.0,0.0996679961681366,0.0,0.0,0.0,0.0,0.0,0.0,0.0,0.049958374351263046,0.049958374351263046,0.0996679961681366,0.03534061461687088,0.4416666626930237,0.0,1.0,0.0,0.0,-9.339200019836426,-8.84505558013916,-0.14923739433288574,-8.590570449829102,0,0,1,0
265.0,1491,5,dqn_shielded,2,2,2,0,2.3568968772888184,0.0,1.0,0.0,0.0,1.0,0.0,0.0,0.1973753273487091,0.0,0.0,0.0,0.1973753273487091,0.0,0.0,0.0,0.0,0.0,0.0996679961681366,0.049958374351263046,0.0996679961681366,0.03534061461687088,0.4416666626930237,0.0,0.0,1.0,0.0,-4.249569416046143,-3.402540683746338,-0.23081406950950623,-2.5877108573913574,1,1,1,1
265.0,1491,6,dqn_shielded,2,2,2,0,8.424834251403809,0.0,0.0,1.0,0.0,0.0,0.0,0.0,0.0,0.0,0.0,0.0,0.0,0.0,0.0,0.0,0.0,0.0,0.0,0.049958374351263046,0.0996679961681366,0.03534061461687088,0.4416666626930237,0.0,0.0,0.0,1.0,-9.09552001953125,-9.038963317871094,0.14812374114990234,-8.276710510253906,0,0,1,0
270.0,1491,1,dqn_shielded,2,2,2,0,8.758220672607422,0.0,0.0,1.0,0.0,0.0,0.0,0.0,0.0,0.0,0.0,0.0,0.0,0.0,0.0,0.0,0.0,0.0,0.0,0.07485969364643097,0.24491865932941437,0.10271411389112473,0.44999998807907104,1.0,0.0,0.0,0.0,-10.09006118774414,-9.518542289733887,-0.4374503493309021,-9.195671081542969,0,0,1,0
270.0,1491,2,dqn_shielded,0,0,0,0,3.517127752304077,0.0,0.0,1.0,0.0,1.0,0.3799489736557007,0.0,-0.0996679961681366,0.0,0.46211719512939453,0.0,0.0,0.0,0.0996679961681366,0.0,0.0996679961681366,0.0,0.24491865932941437,0.07485969364643097,0.24491865932941437,0.10271411389112473,0.44999998807907104,0.0,1.0,0.0,0.0,-0.2846258282661438,-3.884324312210083,-3.9631295204162598,-3.801753520965576,1,0,0,0
270.0,1491,5,dqn_shielded,2,2,2,0,8.90152359008789,0.0,0.0,1.0,0.0,0.0,0.0,0.0,0.0,0.0,0.0,0.0,0.0,0.0,0.0,0.0,0.0,0.0,0.0,0.07485969364643097,0.24491865932941437,0.10271411389112473,0.44999998807907104,0.0,0.0,1.0,0.0,-10.186487197875977,-9.115293502807617,-0.12307977676391602,-9.024602890014648,0,0,1,0
270.0,1491,6,dqn_shielded,0,0,0,0,1.8843746185302734,0.0,0.0,1.0,0.0,1.0,0.0996679961681366,0.0,0.0,0.0,0.0996679961681366,0.0,0.0,0.0,0.0,0.0,0.0,0.0,0.049958374351263046,0.07485969364643097,0.24491865932941437,0.10271411389112473,0.44999998807907104,0.0,0.0,0.0,1.0,-0.013640403747558594,-1.9279816150665283,-2.011281728744507,-1.898015022277832,1,1,1,1
275.0,1491,1,dqn_shielded,1,1,1,0,1.9719409942626953,0.0,0.0,1.0,0.0,1.0,-0.1973753273487091,0.0,-0.1973753273487091,0.0,0.0,0.0,0.0,0.0,0.1973753273487091,0.0,0.1973753273487091,0.0,0.0,0.07485969364643097,0.24491865932941437,0.10271411389112473,0.4583333432674408,1.0,0.0,0.0,0.0,-3.4275755882263184,-0.6531571745872498,-2.988520383834839,-2.62509822845459,1,1,1,1
275.0,1491,2,dqn_shielded,0,0,0,0,6.106485366821289,1.0,0.0,0.0,0.0,0.0,0.3799489736557007,0.0,0.0996679961681366,0.0,0.3799489736557007,0.0,0.0996679961681366,0.0,0.0,0.0,0.0,0.0,0.24491865932941437,0.07485969364643097,0.24491865932941437,0.10271411389112473,0.4583333432674408,0.0,1.0,0.0,0.0,0.04828968644142151,-7.1365275382995605,-6.0581955909729,-7.830264091491699,1,0,0,0
275.0,1491,5,dqn_shielded,0,0,0,0,1.6446675062179565,0.0,0.0,1.0,0.0,1.0,0.0996679961681366,0.0,0.0,0.0,0.0996679961681366,0.0,0.0,0.0,0.0,0.0,0.0,0.0,0.049958374351263046,0.07485969364643097,0.24491865932941437,0.10271411389112473,0.4583333432674408,0.0,0.0,1.0,0.0,-0.26451218128204346,-1.9091796875,-2.395601749420166,-2.004680633544922,1,1,1,1
275.0,1491,6,dqn_shielded,0,0,0,0,7.958842754364014,1.0,0.0,0.0,0.0,0.0,0.0,0.0,0.0,0.0,0.0,0.0,0.0,0.0,0.0,0.0,0.0,0.0,0.0,0.07485969364643097,0.24491865932941437,0.10271411389112473,0.4583333432674408,0.0,0.0,0.0,1.0,0.12457048892974854,-8.145715713500977,-7.834272384643555,-9.316051483154297,1,0,0,0
280.0,1491,1,dqn_shielded,1,1,1,0,7.302311897277832,0.0,1.0,0.0,0.0,0.0,0.0,0.0,-0.1973753273487091,0.0,0.1973753273487091,0.0,0.0,0.0,0.1973753273487091,0.0,0.1973753273487091,0.0,0.0996679961681366,0.049958374351263046,0.0996679961681366,0.049958374351263046,0.46666666865348816,1.0,0.0,0.0,0.0,-9.574206352233887,-0.7017031908035278,-8.00401496887207,-9.764155387878418,0,1,0,0
280.0,1491,2,dqn_shielded,2,2,2,0,2.828249216079712,1.0,0.0,0.0,0.0,1.0,0.0,0.0,0.1973753273487091,0.0,0.0,0.0,0.1973753273487091,0.0,0.0,0.0,0.0,0.0,0.0996679961681366,0.049958374351263046,0.0996679961681366,0.049958374351263046,0.46666666865348816,0.0,1.0,0.0,0.0,-3.1461939811706543,-4.041028022766113,-0.11816081404685974,-2.9464099407196045,1,1,1,1
280.0,1491,5,dqn_shielded,0,0,0,0,9.03097152709961,1.0,0.0,0.0,0.0,0.0,0.0,0.0,0.0,0.0,0.0,0.0,0.0,0.0,0.0,0.0,0.0,0.0,0.0,0.049958374351263046,0.0996679961681366,0.049958374351263046,0.46666666865348816,0.0,0.0,1.0,0.0,-0.10538309812545776,-9.683491706848145,-9.136354446411133,-10.924463272094727,1,0,0,0
280.0,1491,6,dqn_shielded,0,0,0,0,1.864182710647583,1.0,0.0,0.0,0.0,1.0,0.0,0.0,0.0,0.0,0.0,0.0,0.0,0.0,0.0,0.0,0.0,0.0,0.0,0.049958374351263046,0.0996679961681366,0.049958374351263046,0.46666666865348816,0.0,0.0,0.0,1.0,0.22366778552532196,-2.1988883018493652,-1.6405149698257446,-2.1418843269348145,1,1,1,1
285.0,1491,1,dqn_shielded,0,0,0,0,2.9066905975341797,0.0,1.0,0.0,0.0,1.0,0.29131263494491577,0.0,0.0,0.0,0.29131263494491577,0.0,0.0,0.0,0.0,0.0,0.0,0.0,0.14888502657413483,0.049958374351263046,0.14888502657413483,0.06116081401705742,0.4749999940395355,1.0,0.0,0.0,0.0,-0.46576040983200073,-3.897346019744873,-4.552308082580566,-3.372451066970825,1,0,0,0
285.0,1491,2,dqn_shielded,2,2,2,0,8.377799987792969,0.0,0.0,1.0,0.0,0.0,0.0996679961681366,0.0,0.0,0.0,0.0996679961681366,0.0,0.0,0.0,0.0,0.0,0.0,0.0,0.049958374351263046,0.049958374351263046,0.14888502657413483,0.06116081401705742,0.4749999940395355,0.0,1.0,0.0,0.0,-9.362510681152344,-8.761873245239258,-0.16592073440551758,-8.543720245361328,0,0,1,0
285.0,1491,5,dqn_shielded,0,0,0,0,2.1016900539398193,1.0,0.0,0.0,0.0,1.0,0.0,0.0,0.0,0.0,0.0,0.0,0.0,0.0,0.0,0.0,0.0,0.0,0.0,0.049958374351263046,0.14888502657413483,0.06116081401705742,0.4749999940395355,0.0,0.0,1.0,0.0,0.041521474719047546,-2.060168504714966,-2.4051361083984375,-2.137439727783203,1,1,1,1
285.0,1491,6,dqn_shielded,0,0,0,0,1.701015591621399,1.0,0.0,0.0,0.0,1.0,0.0,0.0,0.0,0.0,0.0,0.0,0.0,0.0,0.0,0.0,0.0,0.0,0.0,0.049958374351263046,0.14888502657413483,0.06116081401705742,0.4749999940395355,0.0,0.0,0.0,1.0,0.19890674948692322,-2.210236072540283,-1.5021088123321533,-1.985365867614746,1,1,1,1
290.0,1491,1,dqn_shielded,0,0,0,0,8.25989818572998,1.0,0.0,0.0,0.0,0.0,0.0996679961681366,0.0,0.0,0.0,0.0996679961681366,0.0,0.0,0.0,0.0,0.0,0.0,0.0,0.049958374351263046,0.07485969364643097,0.14888502657413483,0.0558435432612896,0.4833333194255829,1.0,0.0,0.0,0.0,-0.3653225004673004,-9.444748878479004,-8.62522029876709,-10.22674560546875,1,0,0,0
290.0,1491,2,dqn_shielded,0,0,0,0,2.899012327194214,0.0,0.0,1.0,0.0,1.0,0.29131263494491577,0.0,0.0,0.0,0.29131263494491577,0.0,0.0,0.0,0.0,0.0,0.0,0.0,0.14888502657413483,0.07485969364643097,0.14888502657413483,0.0558435432612896,0.4833333194255829,0.0,1.0,0.0,0.0,-0.14102886617183685,-3.2913098335266113,-3.06221866607666,-3.040041208267212,1,0,0,0
290.0,1491,5,dqn_shielded,1,1,1,0,2.6852340698242188,1.0,0.0,0.0,0.0,1.0,-0.1973753273487091,0.0,-0.1973753273487091,0.0,0.0,0.0,0.0,0.0,0.1973753273487091,0.0,0.1973753273487091,0.0,0.0,0.07485969364643097,0.14888502657413483,0.0558435432612896,0.4833333194255829,0.0,0.0,1.0,0.0,-4.855075359344482,-0.36502084136009216,-3.0502548217773438,-3.1063718795776367,1,1,1,1
290.0,1491,6,dqn_shielded,2,2,2,0,2.579528570175171,1.0,0.0,0.0,0.0,1.0,0.0,0.0,0.1973753273487091,0.0,0.0,0.0,0.1973753273487091,0.0,0.0,0.0,0.0,0.0,0.0996679961681366,0.07485969364643097,0.14888502657413483,0.0558435432612896,0.4833333194255829,0.0,0.0,0.0,1.0,-2.508455276489258,-2.5720183849334717,0.07107323408126831,-3.0913140773773193,1,1,1,1
295.0,1491,1,dqn_shielded,2,2,2,0,1.5106033086776733,1.0,0.0,0.0,0.0,1.0,0.0,0.0,0.0996679961681366,0.0,0.0,0.0,0.0996679961681366,0.0,0.0,0.0,0.0,0.0,0.049958374351263046,0.03748243302106857,0.0996679961681366,0.04143407568335533,0.49166667461395264,1.0,0.0,0.0,0.0,-2.3551371097564697,-3.3733294010162354,-0.3843989074230194,-1.8950022459030151,1,1,1,1
295.0,1491,2,dqn_shielded,0,0,0,0,7.905228137969971,1.0,0.0,0.0,0.0,0.0,0.1973753273487091,0.0,0.0,0.0,0.1973753273487091,0.0,0.0,0.0,0.0,0.0,0.0,0.0,0.0996679961681366,0.03748243302106857,0.0996679961681366,0.04143407568335533,0.49166667461395264,0.0,1.0,0.0,0.0,0.016475975513458252,-8.733709335327148,-7.888751983642578,-9.410441398620605,1,0,0,0
295.0,1491,5,dqn_shielded,1,1,1,0,8.523280143737793,0.0,1.0,0.0,0.0,0.0,0.0,0.0,0.0,0.0,0.0,0.0,0.0,0.0,0.0,0.0,0.0,0.0,0.0,0.03748243302106857,0.0996679961681366,0.04143407568335533,0.49166667461395264,0.0,0.0,1.0,0.0,-11.028474807739258,-0.13290202617645264,-8.656182289123535,-10.606179237365723,0,1,0,0
295.0,1491,6,dqn_shielded,2,2,2,0,8.446281433105469,0.0,0.0,1.0,0.0,0.0,0.0,0.0,0.0,0.0,0.0,0.0,0.0,0.0,0.0,0.0,0.0,0.0,0.0,0.03748243302106857,0.0996679961681366,0.04143407568335533,0.49166667461395264,0.0,0.0,0.0,1.0,-9.153716087341309,-9.102265357971191,0.15213358402252197,-8.294147491455078,0,0,1,0
300.0,1491,1,dqn_shielded,2,2,2,0,8.170489311218262,0.0,0.0,1.0,0.0,0.0,0.0996679961681366,0.0,0.0,0.0,0.0996679961681366,0.0,0.0,0.0,0.0,0.0,0.0,0.0,0.049958374351263046,0.02499479241669178,0.049958374351263046,0.02499479241669178,0.5,1.0,0.0,0.0,0.0,-8.628398895263672,-9.596800804138184,-0.45790982246398926,-8.630356788635254,0,0,1,0
300.0,1491,2,dqn_shielded,1,1,1,0,2.7116079330444336,1.0,0.0,0.0,0.0,1.0,-0.0996679961681366,0.0,-0.0996679961681366,0.0,0.0,0.0,0.0,0.0,0.0996679961681366,0.0,0.0996679961681366,0.0,0.0,0.02499479241669178,0.049958374351263046,0.02499479241669178,0.5,0.0,1.0,0.0,0.0,-3.045801877975464,-0.33419400453567505,-3.155686616897583,-3.6701056957244873,1,1,1,1
300.0,1491,5,dqn_shielded,1,1,1,0,2.141831636428833,0.0,1.0,0.0,0.0,1.0,0.0,0.0,0.0,0.0,0.0,0.0,0.0,0.0,0.0,0.0,0.0,0.0,0.0,0.02499479241669178,0.049958374351263046,0.02499479241669178,0.5,0.0,0.0,1.0,0.0,-3.252877712249756,-0.2875003218650818,-2.4293320178985596,-3.630392551422119,1,1,1,1
300.0,1491,6,dqn_shielded,0,0,0,0,2.069864273071289,0.0,0.0,1.0,0.0,1.0,0.0996679961681366,0.0,0.0,0.0,0.0996679961681366,0.0,0.0,0.0,0.0,0.0,0.0,0.0,0.049958374351263046,0.02499479241669178,0.049958374351263046,0.02499479241669178,0.5,0.0,0.0,0.0,1.0,0.1673695594072342,-1.9024946689605713,-2.6264891624450684,-2.31642746925354,1,1,1,1
305.0,1491,1,dqn_shielded,0,0,0,0,1.6215094327926636,0.0,0.0,1.0,0.0,1.0,0.0996679961681366,0.0,-0.0996679961681366,0.0,0.1973753273487091,0.0,0.0,0.0,0.0996679961681366,0.0,0.0996679961681366,0.0,0.0996679961681366,0.07485969364643097,0.14888502657413483,0.0558435432612896,0.5083333253860474,1.0,0.0,0.0,0.0,-0.37938323616981506,-2.05900502204895,-2.9844069480895996,-2.0008926391601562,1,1,1,1
305.0,1491,2,dqn_shielded,1,1,1,0,7.7689924240112305,0.0,1.0,0.0,0.0,0.0,0.0996679961681366,0.0,0.0,0.0,0.0996679961681366,0.0,0.0,0.0,0.0,0.0,0.0,0.0,0.049958374351263046,0.07485969364643097,0.14888502657413483,0.0558435432612896,0.5083333253860474,0.0,1.0,0.0,0.0,-10.216401100158691,-0.3932417035102844,-8.16223430633545,-9.687663078308105,0,1,0,0
305.0,1491,5,dqn_shielded,2,2,2,0,1.1559041738510132,0.0,1.0,0.0,0.0,1.0,0.0996679961681366,0.0,0.1973753273487091,0.0,0.0996679961681366,0.0,0.1973753273487091,0.0,0.0,0.0,0.0,0.0,0.14888502657413483,0.07485969364643097,0.14888502657413483,0.0558435432612896,0.5083333253860474,0.0,0.0,1.0,0.0,-1.4512063264846802,-2.7550621032714844,-0.2953021824359894,-2.450958728790283,1,1,1,1
305.0,1491,6,dqn_shielded,0,0,0,0,8.441544532775879,1.0,0.0,0.0,0.0,0.0,0.0,0.0,0.0,0.0,0.0,0.0,0.0,0.0,0.0,0.0,0.0,0.0,0.0,0.07485969364643097,0.14888502657413483,0.0558435432612896,0.5083333253860474,0.0,0.0,0.0,1.0,0.16058170795440674,-8.522307395935059,-8.280962944030762,-9.750880241394043,1,0,0,0
310.0,1491,1,dqn_shielded,0,0,0,0,7.154526710510254,1.0,0.0,0.0,0.0,0.0,-0.29131263494491577,0.0,-0.29131263494491577,0.0,0.0,0.0,0.0,0.0,0.29131263494491577,0.0,0.29131263494491577,0.0,0.0,0.049958374351263046,0.14888502657413483,0.06116081401705742,0.5166666507720947,1.0,0.0,0.0,0.0,-0.291378378868103,-7.4459052085876465,-7.828929424285889,-8.497239112854004,1,0,0,0
310.0,1491,2,dqn_shielded,0,0,0,0,2.3718526363372803,0.0,1.0,0.0,0.0,1.0,0.0996679961681366,0.0,0.0,0.0,0.0996679961681366,0.0,0.0,0.0,0.0,0.0,0.0,0.0,0.049958374351263046,0.049958374351263046,0.14888502657413483,0.06116081401705742,0.5166666507720947,0.0,1.0,0.0,0.0,-0.01267223060131073,-2.3845248222351074,-2.4834561347961426,-2.470493793487549,1,1,1,1
310.0,1491,5,dqn_shielded,2,2,2,0,5.11838960647583,0.0,0.0,1.0,0.0,0.0,0.29131263494491577,0.0,0.0,0.0,0.29131263494491577,0.0,0.0,0.0,0.0,0.0,0.0,0.0,0.14888502657413483,0.049958374351263046,0.14888502657413483,0.06116081401705742,0.5166666507720947,0.0,0.0,1.0,0.0,-5.431979656219482,-7.997776508331299,-0.3135901093482971,-7.256500720977783,0,0,1,0
310.0,1491,6,dqn_shielded,0,0,0,0,1.7129387855529785,1.0,0.0,0.0,0.0,1.0,0.0,0.0,0.0,0.0,0.0,0.0,0.0,0.0,0.0,0.0,0.0,0.0,0.0,0.049958374351263046,0.14888502657413483,0.06116081401705742,0.5166666507720947,0.0,0.0,0.0,1.0,0.19405534863471985,-2.1960387229919434,-1.518883466720581,-1.949435830116272,1,1,1,1
315.0,1491,1,dqn_shielded,1,1,1,0,0.19624626636505127,1.0,0.0,0.0,0.0,1.0,-0.3799489736557007,0.0,-0.0996679961681366,0.0,0.0,0.0,0.29131263494491577,0.0,0.3799489736557007,0.0,0.3799489736557007,0.0,0.14888502657413483,0.0872773751616478,0.14888502657413483,0.06486071646213531,0.5249999761581421,1.0,0.0,0.0,0.0,-3.527182102203369,-1.1576306819915771,-1.3538769483566284,-2.088815212249756,0,1,1,1
315.0,1491,2,dqn_shielded,0,0,0,0,8.509937286376953,1.0,0.0,0.0,0.0,0.0,0.0,0.0,0.0996679961681366,0.0,0.0,0.0,0.0996679961681366,0.0,0.0,0.0,0.0,0.0,0.049958374351263046,0.0872773751616478,0.14888502657413483,0.06486071646213531,0.5249999761581421,0.0,1.0,0.0,0.0,-0.043895423412323,-9.136151313781738,-8.5538330078125,-10.506879806518555,1,0,0,0
315.0,1491,5,dqn_shielded,0,0,0,0,2.830183982849121,0.0,0.0,1.0,0.0,1.0,0.29131263494491577,0.0,0.0,0.0,0.29131263494491577,0.0,0.0,0.0,0.0,0.0,0.0,0.0,0.14888502657413483,0.0872773751616478,0.14888502657413483,0.06486071646213531,0.5249999761581421,0.0,0.0,1.0,0.0,-0.28680935502052307,-3.1428401470184326,-3.77677583694458,-3.1169934272766113,1,0,0,0
315.0,1491,6,dqn_shielded,0,0,0,0,1.580600619316101,1.0,0.0,0.0,0.0,1.0,0.0,0.0,0.0,0.0,0.0,0.0,0.0,0.0,0.0,0.0,0.0,0.0,0.0,0.0872773751616478,0.14888502657413483,0.06486071646213531,0.5249999761581421,0.0,0.0,0.0,1.0,0.16028837859630585,-2.1096746921539307,-1.4203122854232788,-1.8309497833251953,1,1,1,1
320.0,1491,1,dqn_shielded,1,1,1,0,6.232022285461426,0.0,1.0,0.0,0.0,0.0,-0.0996679961681366,0.0,0.29131263494491577,0.0,0.0,0.0,0.3799489736557007,0.0,0.0996679961681366,0.0,0.0996679961681366,0.0,0.1973753273487091,0.06241874769330025,0.1973753273487091,0.08178489655256271,0.5333333611488342,1.0,0.0,0.0,0.0,-7.3437604904174805,-0.7020868062973022,-6.934109210968018,-8.94489574432373,0,1,0,0
320.0,1491,2,dqn_shielded,2,2,2,0,1.4638489484786987,1.0,0.0,0.0,0.0,1.0,0.0,0.0,0.0996679961681366,0.0,0.0,0.0,0.0996679961681366,0.0,0.0,0.0,0.0,0.0,0.049958374351263046,0.06241874769330025,0.1973753273487091,0.08178489655256271,0.5333333611488342,0.0,1.0,0.0,0.0,-2.1359589099884033,-2.7774581909179688,-0.04859717935323715,-1.5124461650848389,1,1,1,1
320.0,1491,5,dqn_shielded,0,0,0,0,8.684807777404785,1.0,0.0,0.0,0.0,0.0,0.0,0.0,0.0,0.0,0.0,0.0,0.0,0.0,0.0,0.0,0.0,0.0,0.0,0.06241874769330025,0.1973753273487091,0.08178489655256271,0.5333333611488342,0.0,0.0,1.0,0.0,-0.1114206314086914,-9.314285278320312,-8.796228408813477,-10.481042861938477,1,0,0,0
320.0,1491,6,dqn_shielded,0,0,0,0,1.505476713180542,1.0,0.0,0.0,0.0,1.0,0.0,0.0,0.0,0.0,0.0,0.0,0.0,0.0,0.0,0.0,0.0,0.0,0.0,0.06241874769330025,0.1973753273487091,0.08178489655256271,0.5333333611488342,0.0,0.0,0.0,1.0,0.16695520281791687,-2.15018630027771,-1.3385214805603027,-1.7461094856262207,1,1,1,1
325.0,1491,1,dqn_shielded,2,2,2,0,3.0928826332092285,0.0,1.0,0.0,0.0,1.0,0.0,0.0,0.3799489736557007,0.0,0.0,0.0,0.3799489736557007,0.0,0.0,0.0,0.0,0.0,0.1973753273487091,0.07485969364643097,0.1973753273487091,0.0827261283993721,0.5416666865348816,1.0,0.0,0.0,0.0,-5.743935585021973,-5.129477024078369,-0.6077932715415955,-3.7006759643554688,0,0,1,0
325.0,1491,2,dqn_shielded,2,2,2,0,8.548584938049316,0.0,0.0,1.0,0.0,0.0,0.0,0.0,0.0,0.0,0.0,0.0,0.0,0.0,0.0,0.0,0.0,0.0,0.0,0.07485969364643097,0.1973753273487091,0.0827261283993721,0.5416666865348816,0.0,1.0,0.0,0.0,-10.983789443969727,-8.680459976196289,-0.13187533617019653,-8.985771179199219,0,0,1,0
325.0,1491,5,dqn_shielded,1,1,1,0,2.500650405883789,1.0,0.0,0.0,0.0,1.0,-0.1973753273487091,0.0,-0.1973753273487091,0.0,0.0,0.0,0.0,0.0,0.1973753273487091,0.0,0.1973753273487091,0.0,0.0,0.07485969364643097,0.1973753273487091,0.0827261283993721,0.5416666865348816,0.0,0.0,1.0,0.0,-4.5788726806640625,-0.3986172378063202,-2.97080397605896,-2.8992676734924316,1,1,1,1
325.0,1491,6,dqn_shielded,2,2,2,0,2.425013780593872,1.0,0.0,0.0,0.0,1.0,0.0,0.0,0.1973753273487091,0.0,0.0,0.0,0.1973753273487091,0.0,0.0,0.0,0.0,0.0,0.0996679961681366,0.07485969364643097,0.1973753273487091,0.0827261283993721,0.5416666865348816,0.0,0.0,0.0,1.0,-2.398479700088501,-2.622769355773926,0.02653411030769348,-2.9698264598846436,1,1,1,1
330.0,1491,1,dqn_shielded,2,2,2,0,9.1430025100708,0.0,0.0,1.0,0.0,0.0,-0.0996679961681366,0.0,0.0,0.0,0.0996679961681366,0.0,0.1973753273487091,0.0,0.1973753273487091,0.0,0.1973753273487091,0.0,0.14888502657413483,0.07485969364643097,0.14888502657413483,0.07485969364643097,0.550000011920929,1.0,0.0,0.0,0.0,-9.87402057647705,-10.043916702270508,-0.5908666849136353,-9.733869552612305,0,0,1,0
330.0,1491,2,dqn_shielded,2,2,2,0,2.0595006942749023,0.0,0.0,1.0,0.0,1.0,0.0,0.0,0.0,0.0,0.0,0.0,0.0,0.0,0.0,0.0,0.0,0.0,0.0,0.07485969364643097,0.14888502657413483,0.07485969364643097,0.550000011920929,0.0,1.0,0.0,0.0,-2.958122491836548,-2.0890016555786133,-0.0011971592903137207,-2.0606977939605713,1,1,1,1
330.0,1491,5,dqn_shielded,1,1,1,0,7.687705039978027,0.0,1.0,0.0,0.0,0.0,0.1973753273487091,0.0,0.0996679961681366,0.0,0.1973753273487091,0.0,0.0996679961681366,0.0,0.0,0.0,0.0,0.0,0.14888502657413483,0.07485969364643097,0.14888502657413483,0.07485969364643097,0.550000011920929,0.0,0.0,1.0,0.0,-8.469541549682617,-0.5930700302124023,-8.28077507019043,-9.550148010253906,0,1,0,0
330.0,1491,6,dqn_shielded,2,2,2,0,8.262372970581055,0.0,0.0,1.0,0.0,0.0,0.0,0.0,0.0,0.0,0.0,0.0,0.0,0.0,0.0,0.0,0.0,0.0,0.0,0.07485969364643097,0.14888502657413483,0.07485969364643097,0.550000011920929,0.0,0.0,0.0,1.0,-9.189401626586914,-8.889596939086914,0.1266326904296875,-8.135740280151367,0,0,1,0
335.0,1491,1,dqn_shielded,1,1,1,0,1.4593265056610107,0.0,0.0,1.0,0.0,1.0,-0.0996679961681366,0.0,-0.1973753273487091,0.0,0.0996679961681366,0.0,0.0,0.0,0.1973753273487091,0.0,0.1973753273487091,0.0,0.049958374351263046,0.0872773751616478,0.1973753273487091,0.07381648570299149,0.5583333373069763,1.0,0.0,0.0,0.0,-2.2165305614471436,-0.7572040557861328,-3.272364616394043,-3.2974460124969482,1,1,1,1
335.0,1491,2,dqn_shielded,1,1,1,0,2.0569989681243896,0.0,0.0,1.0,0.0,1.0,-0.1973753273487091,0.0,-0.1973753273487091,0.0,0.0,0.0,0.0,0.0,0.1973753273487091,0.0,0.1973753273487091,0.0,0.0,0.0872773751616478,0.1973753273487091,0.07381648570299149,0.5583333373069763,0.0,1.0,0.0,0.0,-3.865565776824951,-0.3436920642852783,-2.400691032409668,-3.8162033557891846,1,1,1,1
335.0,1491,5,dqn_shielded,0,0,0,0,1.643423318862915,0.0,1.0,0.0,0.0,1.0,0.1973753273487091,0.0,0.1973753273487091,0.0,0.1973753273487091,0.0,0.1973753273487091,0.0,0.0,0.0,0.0,0.0,0.1973753273487091,0.0872773751616478,0.1973753273487091,0.07381648570299149,0.5583333373069763,0.0,0.0,1.0,0.0,-0.407501757144928,-3.5913760662078857,-2.0509250164031982,-3.3400352001190186,1,1,1,1
335.0,1491,6,dqn_shielded,0,0,0,0,2.5898075103759766,0.0,0.0,1.0,0.0,1.0,0.1973753273487091,0.0,0.0,0.0,0.1973753273487091,0.0,0.0,0.0,0.0,0.0,0.0,0.0,0.0996679961681366,0.0872773751616478,0.1973753273487091,0.07381648570299149,0.5583333373069763,0.0,0.0,0.0,1.0,0.043942540884017944,-2.545865058898926,-3.134389638900757,-2.780510425567627,1,1,1,1
340.0,1491,1,dqn_shielded,1,1,1,0,5.926712989807129,0.0,1.0,0.0,0.0,0.0,0.29131263494491577,0.0,0.0996679961681366,0.0,0.29131263494491577,0.0,0.0996679961681366,0.0,0.0,0.0,0.0,0.0,0.1973753273487091,0.0872773751616478,0.1973753273487091,0.07381648570299149,0.5666666626930237,1.0,0.0,0.0,0.0,-6.952647686004639,-0.863124668598175,-6.789837837219238,-8.218866348266602,0,1,0,0
340.0,1491,2,dqn_shielded,1,1,1,0,7.879926681518555,0.0,1.0,0.0,0.0,0.0,0.0996679961681366,0.0,0.0,0.0,0.0996679961681366,0.0,0.0,0.0,0.0,0.0,0.0,0.0,0.049958374351263046,0.0872773751616478,0.1973753273487091,0.07381648570299149,0.5666666626930237,0.0,1.0,0.0,0.0,-10.360432624816895,-0.40397346019744873,-8.283900260925293,-9.747041702270508,0,1,0,0
340.0,1491,5,dqn_shielded,0,0,0,0,7.342645645141602,1.0,0.0,0.0,0.0,0.0,0.0,0.0,0.1973753273487091,0.0,0.0,0.0,0.1973753273487091,0.0,0.0,0.0,0.0,0.0,0.0996679961681366,0.0872773751616478,0.1973753273487091,0.07381648570299149,0.5666666626930237,0.0,0.0,1.0,0.0,-0.10276615619659424,-7.983275413513184,-7.445411682128906,-9.716263771057129,1,0,0,0
340.0,1491,6,dqn_shielded,0,0,0,0,8.301626205444336,1.0,0.0,0.0,0.0,0.0,0.0,0.0,0.0,0.0,0.0,0.0,0.0,0.0,0.0,0.0,0.0,0.0,0.0,0.0872773751616478,0.1973753273487091,0.07381648570299149,0.5666666626930237,0.0,0.0,0.0,1.0,0.14983636140823364,-8.3261079788208,-8.151789665222168,-9.574173927307129,1,0,0,0
345.0,1491,1,dqn_shielded,0,0,0,0,2.1843273639678955,0.0,1.0,0.0,0.0,1.0,0.1973753273487091,0.0,0.1973753273487091,0.0,0.29131263494491577,0.0,0.29131263494491577,0.0,0.0996679961681366,0.0,0.0996679961681366,0.0,0.2913126051425934,0.12435299903154373,0.2913126051425934,0.10854316502809525,0.574999988079071,1.0,0.0,0.0,0.0,-0.7208570837974548,-3.9634411334991455,-2.905184507369995,-4.24723482131958,1,1,1,1
345.0,1491,2,dqn_shielded,0,0,0,0,1.3840349912643433,0.0,1.0,0.0,0.0,1.0,0.0996679961681366,0.0,0.0996679961681366,0.0,0.0996679961681366,0.0,0.0996679961681366,0.0,0.0,0.0,0.0,0.0,0.0996679961681366,0.12435299903154373,0.2913126051425934,0.10854316502809525,0.574999988079071,0.0,1.0,0.0,0.0,-0.1441507339477539,-2.820056438446045,-1.5281857252120972,-2.0105690956115723,1,1,1,1
345.0,1491,5,dqn_shielded,2,2,2,0,2.037160634994507,1.0,0.0,0.0,0.0,1.0,0.0,0.0,0.1973753273487091,0.0,0.0,0.0,0.1973753273487091,0.0,0.0,0.0,0.0,0.0,0.0996679961681366,0.12435299903154373,0.2913126051425934,0.10854316502809525,0.574999988079071,0.0,0.0,1.0,0.0,-3.0715885162353516,-2.424686908721924,-0.3875262439250946,-2.506520986557007,1,1,1,1
345.0,1491,6,dqn_shielded,0,0,0,0,1.0163804292678833,1.0,0.0,0.0,0.0,1.0,0.0,0.0,0.0,0.0,0.0,0.0,0.0,0.0,0.0,0.0,0.0,0.0,0.0,0.12435299903154373,0.2913126051425934,0.10854316502809525,0.574999988079071,0.0,0.0,0.0,1.0,0.12006083875894547,-1.8276950120925903,-0.8963196277618408,-1.228719711303711,1,1,1,1
350.0,1491,1,dqn_shielded,0,0,0,0,7.1797990798950195,1.0,0.0,0.0,0.0,0.0,-0.29131263494491577,0.0,0.0,0.0,0.0,0.0,0.29131263494491577,0.0,0.29131263494491577,0.0,0.29131263494491577,0.0,0.14888502657413483,0.07485969364643097,0.14888502657413483,0.07485969364643097,0.5833333134651184,1.0,0.0,0.0,0.0,-0.4169675409793854,-7.693708896636963,-7.596766471862793,-9.198694229125977,1,0,0,0
350.0,1491,2,dqn_shielded,0,0,0,0,6.539794445037842,1.0,0.0,0.0,0.0,0.0,0.0,0.0,0.29131263494491577,0.0,0.0,0.0,0.29131263494491577,0.0,0.0,0.0,0.0,0.0,0.14888502657413483,0.07485969364643097,0.14888502657413483,0.07485969364643097,0.5833333134651184,0.0,1.0,0.0,0.0,-0.14720094203948975,-7.470571994781494,-6.686995506286621,-9.163469314575195,1,0,0,0
350.0,1491,5,dqn_shielded,2,2,2,0,9.063021659851074,0.0,0.0,1.0,0.0,0.0,0.0,0.0,0.0,0.0,0.0,0.0,0.0,0.0,0.0,0.0,0.0,0.0,0.0,0.07485969364643097,0.14888502657413483,0.07485969364643097,0.5833333134651184,0.0,0.0,1.0,0.0,-10.483165740966797,-9.460389137268066,-0.12947356700897217,-9.192495346069336,0,0,1,0
350.0,1491,6,dqn_shielded,0,0,0,0,1.6212469339370728,1.0,0.0,0.0,0.0,1.0,0.0,0.0,0.0,0.0,0.0,0.0,0.0,0.0,0.0,0.0,0.0,0.0,0.0,0.07485969364643097,0.14888502657413483,0.07485969364643097,0.5833333134651184,0.0,0.0,0.0,1.0,0.16751572489738464,-2.097642183303833,-1.4537311792373657,-1.7987924814224243,1,1,1,1
355.0,1491,1,dqn_shielded,2,2,2,0,1.7819902896881104,1.0,0.0,0.0,0.0,1.0,-0.29131263494491577,0.0,0.0996679961681366,0.0,0.0,0.0,0.3799489736557007,0.0,0.29131263494491577,0.0,0.29131263494491577,0.0,0.1973753273487091,0.0872773751616478,0.1973753273487091,0.08903149515390396,0.5916666388511658,1.0,0.0,0.0,0.0,-3.5935487747192383,-2.5365447998046875,-0.7545545101165771,-2.6478004455566406,0,1,1,1
355.0,1491,2,dqn_shielded,2,2,2,0,3.6020495891571045,1.0,0.0,0.0,0.0,1.0,0.0,0.0,0.29131263494491577,0.0,0.0,0.0,0.29131263494491577,0.0,0.0,0.0,0.0,0.0,0.14888502657413483,0.0872773751616478,0.1973753273487091,0.08903149515390396,0.5916666388511658,0.0,1.0,0.0,0.0,-4.176942348480225,-4.804250240325928,-0.32727256417274475,-3.9293222427368164,0,0,1,0
355.0,1491,5,dqn_shielded,2,2,2,0,1.6882061958312988,0.0,0.0,1.0,0.0,1.0,0.0,0.0,0.0,0.0,0.0,0.0,0.0,0.0,0.0,0.0,0.0,0.0,0.0,0.0872773751616478,0.1973753273487091,0.08903149515390396,0.5916666388511658,0.0,0.0,1.0,0.0,-2.8086905479431152,-2.093820333480835,-0.03918807953596115,-1.7273942232131958,1,1,1,1
355.0,1491,6,dqn_shielded,0,0,0,0,1.4454647302627563,1.0,0.0,0.0,0.0,1.0,0.0,0.0,0.0,0.0,0.0,0.0,0.0,0.0,0.0,0.0,0.0,0.0,0.0,0.0872773751616478,0.1973753273487091,0.08903149515390396,0.5916666388511658,0.0,0.0,0.0,1.0,0.1510411649942398,-2.066756010055542,-1.2944235801696777,-1.614060401916504,1,1,1,1
360.0,1491,1,dqn_shielded,2,2,2,0,8.645618438720703,0.0,0.0,1.0,0.0,0.0,0.0,0.0,0.0996679961681366,0.0,0.0,0.0,0.0996679961681366,0.0,0.0,0.0,0.0,0.0,0.049958374351263046,0.012499349191784859,0.049958374351263046,0.021647252142429352,0.6000000238418579,1.0,0.0,0.0,0.0,-9.610530853271484,-9.537720680236816,-0.379566490650177,-9.025184631347656,0,0,1,0
360.0,1491,2,dqn_shielded,2,2,2,0,8.826355934143066,0.0,0.0,1.0,0.0,0.0,0.0,0.0,0.0,0.0,0.0,0.0,0.0,0.0,0.0,0.0,0.0,0.0,0.0,0.012499349191784859,0.049958374351263046,0.021647252142429352,0.6000000238418579,0.0,1.0,0.0,0.0,-10.72028636932373,-8.922133445739746,-0.09577780961990356,-9.024591445922852,0,0,1,0
360.0,1491,5,dqn_shielded,2,2,2,0,2.599179267883301,0.0,0.0,1.0,0.0,1.0,0.0,0.0,0.0,0.0,0.0,0.0,0.0,0.0,0.0,0.0,0.0,0.0,0.0,0.012499349191784859,0.049958374351263046,0.021647252142429352,0.6000000238418579,0.0,0.0,1.0,0.0,-3.0991549491882324,-2.620363712310791,-0.021184369921684265,-2.7403104305267334,1,1,1,1
360.0,1491,6,dqn_shielded,0,0,0,0,2.1682560443878174,1.0,0.0,0.0,0.0,1.0,0.0,0.0,0.0,0.0,0.0,0.0,0.0,0.0,0.0,0.0,0.0,0.0,0.0,0.012499349191784859,0.049958374351263046,0.021647252142429352,0.6000000238418579,0.0,0.0,0.0,1.0,0.2254355400800705,-2.2263998985290527,-1.942820429801941,-2.3584797382354736,1,1,1,1
365.0,1491,1,dqn_shielded,1,1,1,0,2.0553879737854004,0.0,0.0,1.0,0.0,1.0,-0.0996679961681366,0.0,-0.0996679961681366,0.0,0.0,0.0,0.0,0.0,0.0996679961681366,0.0,0.0996679961681366,0.0,0.0,0.012499349191784859,0.049958374351263046,0.021647252142429352,0.6083333492279053,1.0,0.0,0.0,0.0,-2.5640382766723633,-0.5086501836776733,-3.1584086418151855,-4.611825942993164,1,1,1,1
365.0,1491,2,dqn_shielded,2,2,2,0,2.217911720275879,0.0,0.0,1.0,0.0,1.0,0.0,0.0,0.0,0.0,0.0,0.0,0.0,0.0,0.0,0.0,0.0,0.0,0.0,0.012499349191784859,0.049958374351263046,0.021647252142429352,0.6083333492279053,0.0,1.0,0.0,0.0,-2.84555721282959,-2.587702512741089,0.09648048132658005,-2.121431350708008,1,1,1,1
365.0,1491,5,dqn_shielded,0,0,0,0,2.0425100326538086,0.0,0.0,1.0,0.0,1.0,0.0996679961681366,0.0,0.0,0.0,0.0996679961681366,0.0,0.0,0.0,0.0,0.0,0.0,0.0,0.049958374351263046,0.012499349191784859,0.049958374351263046,0.021647252142429352,0.6083333492279053,0.0,0.0,1.0,0.0,-0.16000352799892426,-2.2025134563446045,-3.258087635040283,-2.7704834938049316,1,1,1,1
365.0,1491,6,dqn_shielded,0,0,0,0,2.172813653945923,1.0,0.0,0.0,0.0,1.0,0.0,0.0,0.0,0.0,0.0,0.0,0.0,0.0,0.0,0.0,0.0,0.0,0.0,0.012499349191784859,0.049958374351263046,0.021647252142429352,0.6083333492279053,0.0,0.0,0.0,1.0,0.22345179319381714,-2.21964693069458,-1.949361801147461,-2.35499906539917,1,1,1,1
370.0,1491,1,dqn_shielded,1,1,1,0,7.91000509262085,0.0,1.0,0.0,0.0,0.0,-0.0996679961681366,0.0,-0.0996679961681366,0.0,0.0,0.0,0.0,0.0,0.0996679961681366,0.0,0.0996679961681366,0.0,0.0,0.03748243302106857,0.0996679961681366,0.04143407568335533,0.6166666746139526,1.0,0.0,0.0,0.0,-9.644170761108398,-0.37605059146881104,-8.286055564880371,-10.035021781921387,0,1,0,0
370.0,1491,2,dqn_shielded,2,2,2,0,2.154531478881836,0.0,0.0,1.0,0.0,1.0,0.0,0.0,0.0,0.0,0.0,0.0,0.0,0.0,0.0,0.0,0.0,0.0,0.0,0.03748243302106857,0.0996679961681366,0.04143407568335533,0.6166666746139526,0.0,1.0,0.0,0.0,-2.9088311195373535,-2.3711748123168945,0.059779055416584015,-2.094752311706543,1,1,1,1
370.0,1491,5,dqn_shielded,0,0,0,0,8.418554306030273,1.0,0.0,0.0,0.0,0.0,-0.0996679961681366,0.0,-0.1973753273487091,0.0,0.0996679961681366,0.0,0.0,0.0,0.1973753273487091,0.0,0.1973753273487091,0.0,0.049958374351263046,0.03748243302106857,0.0996679961681366,0.04143407568335533,0.6166666746139526,0.0,0.0,1.0,0.0,-0.12894904613494873,-8.547503471374512,-8.795451164245605,-10.03476619720459,1,0,0,0
370.0,1491,6,dqn_shielded,2,2,2,0,2.8742902278900146,1.0,0.0,0.0,0.0,1.0,0.0,0.0,0.1973753273487091,0.0,0.0,0.0,0.1973753273487091,0.0,0.0,0.0,0.0,0.0,0.0996679961681366,0.03748243302106857,0.0996679961681366,0.04143407568335533,0.6166666746139526,0.0,0.0,0.0,1.0,-2.804208278656006,-2.9318742752075195,0.07008188962936401,-3.24440336227417,1,1,1,1
375.0,1491,1,dqn_shielded,2,2,2,0,1.7958576679229736,0.0,1.0,0.0,0.0,1.0,0.0,0.0,0.0996679961681366,0.0,0.0,0.0,0.0996679961681366,0.0,0.0,0.0,0.0,0.0,0.049958374351263046,0.012499349191784859,0.049958374351263046,0.021647252142429352,0.625,1.0,0.0,0.0,0.0,-2.8158159255981445,-2.162517547607422,-0.36665987968444824,-2.6201682090759277,1,1,1,1
375.0,1491,2,dqn_shielded,2,2,2,0,2.2165794372558594,0.0,0.0,1.0,0.0,1.0,0.0,0.0,0.0,0.0,0.0,0.0,0.0,0.0,0.0,0.0,0.0,0.0,0.0,0.012499349191784859,0.049958374351263046,0.021647252142429352,0.625,0.0,1.0,0.0,0.0,-2.843599796295166,-2.5634396076202393,0.09654702246189117,-2.12003231048584,1,1,1,1
375.0,1491,5,dqn_shielded,0,0,0,0,1.8923921585083008,1.0,0.0,0.0,0.0,1.0,0.0,0.0,0.0,0.0,0.0,0.0,0.0,0.0,0.0,0.0,0.0,0.0,0.0,0.012499349191784859,0.049958374351263046,0.021647252142429352,0.625,0.0,0.0,1.0,0.0,0.09943783283233643,-1.7929543256759644,-2.7912042140960693,-2.958263874053955,1,1,1,1
375.0,1491,6,dqn_shielded,2,2,2,0,8.474186897277832,0.0,0.0,1.0,0.0,0.0,0.0,0.0,0.0,0.0,0.0,0.0,0.0,0.0,0.0,0.0,0.0,0.0,0.0,0.012499349191784859,0.049958374351263046,0.021647252142429352,0.625,0.0,0.0,0.0,1.0,-9.179695129394531,-9.267313003540039,0.17064368724822998,-8.303543090820312,0,0,1,0
380.0,1491,1,dqn_shielded,2,2,2,0,8.781648635864258,0.0,0.0,1.0,0.0,0.0,0.0,0.0,0.0,0.0,0.0,0.0,0.0,0.0,0.0,0.0,0.0,0.0,0.0,0.012499349191784859,0.049958374351263046,0.021647252142429352,0.6333333253860474,1.0,0.0,0.0,0.0,-9.90550708770752,-9.728405952453613,-0.38910365104675293,-9.17075252532959,0,0,1,0
380.0,1491,2,dqn_shielded,0,0,0,0,2.0700554847717285,0.0,0.0,1.0,0.0,1.0,0.0996679961681366,0.0,0.0,0.0,0.0996679961681366,0.0,0.0,0.0,0.0,0.0,0.0,0.0,0.049958374351263046,0.012499349191784859,0.049958374351263046,0.021647252142429352,0.6333333253860474,0.0,1.0,0.0,0.0,0.029789239168167114,-2.423553705215454,-2.119910717010498,-2.040266275405884,1,1,1,1
380.0,1491,5,dqn_shielded,0,0,0,0,1.8743855953216553,1.0,0.0,0.0,0.0,1.0,0.0,0.0,0.0,0.0,0.0,0.0,0.0,0.0,0.0,0.0,0.0,0.0,0.0,0.012499349191784859,0.049958374351263046,0.021647252142429352,0.6333333253860474,0.0,0.0,1.0,0.0,0.09870821237564087,-1.7756774425506592,-2.7935855388641357,-2.9621665477752686,1,1,1,1
380.0,1491,6,dqn_shielded,2,2,2,0,2.002474308013916,0.0,0.0,1.0,0.0,1.0,0.0,0.0,0.0,0.0,0.0,0.0,0.0,0.0,0.0,0.0,0.0,0.0,0.0,0.012499349191784859,0.049958374351263046,0.021647252142429352,0.6333333253860474,0.0,0.0,0.0,1.0,-1.9954043626785278,-2.0939948558807373,0.26610201597213745,-1.7363723516464233,1,1,1,1
385.0,1491,1,dqn_shielded,0,0,0,0,1.765420913696289,0.0,0.0,1.0,0.0,1.0,0.0996679961681366,0.0,0.0,0.0,0.0996679961681366,0.0,0.0,0.0,0.0,0.0,0.0,0.0,0.049958374351263046,0.012499349191784859,0.049958374351263046,0.021647252142429352,0.6416666507720947,1.0,0.0,0.0,0.0,-0.25531700253486633,-2.235581636428833,-2.244352102279663,-2.020737886428833,1,1,1,1
385.0,1491,2,dqn_shielded,0,0,0,0,9.142102241516113,1.0,0.0,0.0,0.0,0.0,0.0,0.0,0.0,0.0,0.0,0.0,0.0,0.0,0.0,0.0,0.0,0.0,0.0,0.012499349191784859,0.049958374351263046,0.021647252142429352,0.6416666507720947,0.0,1.0,0.0,0.0,0.0007990002632141113,-9.593138694763184,-9.141303062438965,-10.89685344696045,1,0,0,0
385.0,1491,5,dqn_shielded,0,0,0,0,1.856776475906372,1.0,0.0,0.0,0.0,1.0,0.0,0.0,0.0,0.0,0.0,0.0,0.0,0.0,0.0,0.0,0.0,0.0,0.0,0.012499349191784859,0.049958374351263046,0.021647252142429352,0.6416666507720947,0.0,0.0,1.0,0.0,0.09785380959510803,-1.7589226961135864,-2.7962489128112793,-2.9660236835479736,1,1,1,1
385.0,1491,6,dqn_shielded,2,2,2,0,1.9929231405258179,0.0,0.0,1.0,0.0,1.0,0.0,0.0,0.0,0.0,0.0,0.0,0.0,0.0,0.0,0.0,0.0,0.0,0.0,0.012499349191784859,0.049958374351263046,0.021647252142429352,0.6416666507720947,0.0,0.0,0.0,1.0,-1.9933037757873535,-2.0883970260620117,0.26783648133277893,-1.7250866889953613,1,1,1,1
390.0,1491,1,dqn_shielded,0,0,0,0,8.886175155639648,1.0,0.0,0.0,0.0,0.0,0.0,0.0,0.0,0.0,0.0,0.0,0.0,0.0,0.0,0.0,0.0,0.0,0.0,0.0,0.0,0.0,0.6499999761581421,1.0,0.0,0.0,0.0,-0.3276255130767822,-9.922975540161133,-9.213800430297852,-11.006204605102539,1,0,0,0
390.0,1491,2,dqn_shielded,0,0,0,0,2.3190927505493164,1.0,0.0,0.0,0.0,1.0,0.0,0.0,0.0,0.0,0.0,0.0,0.0,0.0,0.0,0.0,0.0,0.0,0.0,0.0,0.0,0.0,0.6499999761581421,0.0,1.0,0.0,0.0,-0.0710909366607666,-2.5240180492401123,-2.390183687210083,-2.477699041366577,1,1,1,1
390.0,1491,5,dqn_shielded,0,0,0,0,1.9591026306152344,1.0,0.0,0.0,0.0,1.0,0.0,0.0,0.0,0.0,0.0,0.0,0.0,0.0,0.0,0.0,0.0,0.0,0.0,0.0,0.0,0.0,0.6499999761581421,0.0,0.0,1.0,0.0,0.08804827928543091,-1.8710544109344482,-2.848747730255127,-3.152252435684204,1,1,1,1
390.0,1491,6,dqn_shielded,2,2,2,0,2.039879322052002,0.0,0.0,1.0,0.0,1.0,0.0,0.0,0.0,0.0,0.0,0.0,0.0,0.0,0.0,0.0,0.0,0.0,0.0,0.0,0.0,0.0,0.6499999761581421,0.0,0.0,0.0,1.0,-1.807349681854248,-2.1102685928344727,0.23252972960472107,-1.8231356143951416,1,1,1,1
395.0,1491,1,dqn_shielded,2,2,2,0,1.5890756845474243,1.0,0.0,0.0,0.0,1.0,0.0,0.0,0.0996679961681366,0.0,0.0,0.0,0.0996679961681366,0.0,0.0,0.0,0.0,0.0,0.049958374351263046,0.012499349191784859,0.049958374351263046,0.021647252142429352,0.6583333611488342,1.0,0.0,0.0,0.0,-2.2977991104125977,-3.517538547515869,-0.36083316802978516,-1.9499088525772095,1,1,1,1
395.0,1491,2,dqn_shielded,0,0,0,0,2.179539680480957,1.0,0.0,0.0,0.0,1.0,0.0,0.0,0.0,0.0,0.0,0.0,0.0,0.0,0.0,0.0,0.0,0.0,0.0,0.012499349191784859,0.049958374351263046,0.021647252142429352,0.6583333611488342,0.0,1.0,0.0,0.0,-0.08466584980487823,-2.300198554992676,-2.2642054557800293,-2.285994291305542,1,1,1,1
395.0,1491,5,dqn_shielded,0,0,0,0,1.8221824169158936,1.0,0.0,0.0,0.0,1.0,0.0,0.0,0.0,0.0,0.0,0.0,0.0,0.0,0.0,0.0,0.0,0.0,0.0,0.012499349191784859,0.049958374351263046,0.021647252142429352,0.6583333611488342,0.0,0.0,1.0,0.0,0.09614652395248413,-1.7260358333587646,-2.8015763759613037,-2.9735960960388184,1,1,1,1
395.0,1491,6,dqn_shielded,2,2,2,0,1.9732080698013306,0.0,0.0,1.0,0.0,1.0,0.0,0.0,0.0,0.0,0.0,0.0,0.0,0.0,0.0,0.0,0.0,0.0,0.0,0.012499349191784859,0.049958374351263046,0.021647252142429352,0.6583333611488342,0.0,0.0,0.0,1.0,-1.9888253211975098,-2.0785746574401855,0.2713225781917572,-1.701885461807251,1,1,1,1
400.0,1491,1,dqn_shielded,2,2,2,0,7.1906962394714355,0.0,0.0,1.0,0.0,0.0,-0.29131263494491577,0.0,-0.29131263494491577,0.0,0.0,0.0,0.0,0.0,0.29131263494491577,0.0,0.29131263494491577,0.0,0.0,0.049958374351263046,0.14888502657413483,0.06116081401705742,0.6666666865348816,1.0,0.0,0.0,0.0,-7.973196029663086,-8.01590347290039,-0.3795303702354431,-7.570226669311523,0,0,1,0
400.0,1491,2,dqn_shielded,2,2,2,0,2.8417680263519287,1.0,0.0,0.0,0.0,1.0,-0.0996679961681366,0.0,0.1973753273487091,0.0,0.0,0.0,0.29131263494491577,0.0,0.0996679961681366,0.0,0.0996679961681366,0.0,0.14888502657413483,0.049958374351263046,0.14888502657413483,0.06116081401705742,0.6666666865348816,0.0,1.0,0.0,0.0,-4.03496789932251,-3.9357314109802246,-0.2796556353569031,-3.1214237213134766,0,1,1,1
400.0,1491,5,dqn_shielded,0,0,0,0,1.7789931297302246,1.0,0.0,0.0,0.0,1.0,0.0,0.0,0.0,0.0,0.0,0.0,0.0,0.0,0.0,0.0,0.0,0.0,0.0,0.049958374351263046,0.14888502657413483,0.06116081401705742,0.6666666865348816,0.0,0.0,1.0,0.0,0.03915540874004364,-1.7398377656936646,-2.663163661956787,-2.466195821762085,1,1,1,1
400.0,1491,6,dqn_shielded,0,0,0,0,1.8448692560195923,0.0,0.0,1.0,0.0,1.0,0.0996679961681366,0.0,0.0,0.0,0.0996679961681366,0.0,0.0,0.0,0.0,0.0,0.0,0.0,0.049958374351263046,0.049958374351263046,0.14888502657413483,0.06116081401705742,0.6666666865348816,0.0,0.0,0.0,1.0,0.0583743155002594,-1.7864949703216553,-2.304837942123413,-2.001577615737915,1,1,1,1
405.0,1491,1,dqn_shielded,0,0,0,0,1.7882349491119385,0.0,0.0,1.0,0.0,1.0,0.0996679961681366,0.0,0.0,0.0,0.0996679961681366,0.0,0.0,0.0,0.0,0.0,0.0,0.0,0.049958374351263046,0.012499349191784859,0.049958374351263046,0.021647252142429352,0.675000011920929,1.0,0.0,0.0,0.0,-0.2511105537414551,-2.225510835647583,-2.2596917152404785,-2.0393455028533936,1,1,1,1
405.0,1491,2,dqn_shielded,2,2,2,0,8.737297058105469,0.0,0.0,1.0,0.0,0.0,0.0,0.0,0.0,0.0,0.0,0.0,0.0,0.0,0.0,0.0,0.0,0.0,0.0,0.012499349191784859,0.049958374351263046,0.021647252142429352,0.675000011920929,0.0,1.0,0.0,0.0,-10.761039733886719,-8.851486206054688,-0.1141892671585083,-8.970671653747559,0,0,1,0
405.0,1491,5,dqn_shielded,0,0,0,0,1.787644624710083,1.0,0.0,0.0,0.0,1.0,0.0,0.0,0.0,0.0,0.0,0.0,0.0,0.0,0.0,0.0,0.0,0.0,0.0,0.012499349191784859,0.049958374351263046,0.021647252142429352,0.675000011920929,0.0,0.0,1.0,0.0,0.0944674015045166,-1.6931772232055664,-2.8064699172973633,-2.9806768894195557,1,1,1,1
405.0,1491,6,dqn_shielded,0,0,0,0,8.811515808105469,1.0,0.0,0.0,0.0,0.0,0.0,0.0,0.0,0.0,0.0,0.0,0.0,0.0,0.0,0.0,0.0,0.0,0.0,0.012499349191784859,0.049958374351263046,0.021647252142429352,0.675000011920929,0.0,0.0,0.0,1.0,0.2345556616783142,-8.576960563659668,-8.865222930908203,-10.1139497756958,1,0,0,0
410.0,1491,1,dqn_shielded,0,0,0,0,8.846332550048828,1.0,0.0,0.0,0.0,0.0,0.0,0.0,0.0,0.0,0.0,0.0,0.0,0.0,0.0,0.0,0.0,0.0,0.0,0.0,0.0,0.0,0.6833333373069763,1.0,0.0,0.0,0.0,-0.3144683837890625,-9.881946563720703,-9.16080093383789,-10.953828811645508,1,0,0,0
410.0,1491,2,dqn_shielded,2,2,2,0,2.2748947143554688,0.0,0.0,1.0,0.0,1.0,0.0,0.0,0.0,0.0,0.0,0.0,0.0,0.0,0.0,0.0,0.0,0.0,0.0,0.0,0.0,0.0,0.6833333373069763,0.0,1.0,0.0,0.0,-2.800131320953369,-2.6183862686157227,0.06965890526771545,-2.205235719680786,1,1,1,1
410.0,1491,5,dqn_shielded,0,0,0,0,1.8898431062698364,1.0,0.0,0.0,0.0,1.0,0.0,0.0,0.0,0.0,0.0,0.0,0.0,0.0,0.0,0.0,0.0,0.0,0.0,0.0,0.0,0.0,0.6833333373069763,0.0,0.0,1.0,0.0,0.09416142106056213,-1.7956817150115967,-2.8455190658569336,-3.1556155681610107,1,1,1,1
410.0,1491,6,dqn_shielded,0,0,0,0,2.3765859603881836,1.0,0.0,0.0,0.0,1.0,0.0,0.0,0.0,0.0,0.0,0.0,0.0,0.0,0.0,0.0,0.0,0.0,0.0,0.0,0.0,0.0,0.6833333373069763,0.0,0.0,0.0,1.0,0.21330897510051727,-2.2174625396728516,-2.1632769107818604,-2.519568920135498,1,1,1,1
415.0,1491,1,dqn_shielded,0,0,0,0,1.728452205657959,1.0,0.0,0.0,0.0,1.0,0.0,0.0,0.0,0.0,0.0,0.0,0.0,0.0,0.0,0.0,0.0,0.0,0.0,0.02499479241669178,0.0996679961681366,0.043274227529764175,0.6916666626930237,1.0,0.0,0.0,0.0,-0.24195367097854614,-2.579718828201294,-1.97040593624115,-2.143700122833252,1,1,1,1
415.0,1491,2,dqn_shielded,2,2,2,0,2.1671032905578613,0.0,0.0,1.0,0.0,1.0,0.0,0.0,0.0,0.0,0.0,0.0,0.0,0.0,0.0,0.0,0.0,0.0,0.0,0.02499479241669178,0.0996679961681366,0.043274227529764175,0.6916666626930237,0.0,1.0,0.0,0.0,-2.8428292274475098,-2.3124537467956543,0.06296695023775101,-2.1041362285614014,1,1,1,1
415.0,1491,5,dqn_shielded,2,2,2,0,2.2923784255981445,1.0,0.0,0.0,0.0,1.0,0.0,0.0,0.1973753273487091,0.0,0.0,0.0,0.1973753273487091,0.0,0.0,0.0,0.0,0.0,0.0996679961681366,0.02499479241669178,0.0996679961681366,0.043274227529764175,0.6916666626930237,0.0,0.0,1.0,0.0,-4.207623481750488,-3.2507879734039307,-0.3713774085044861,-2.6637558937072754,1,1,1,1
415.0,1491,6,dqn_shielded,0,0,0,0,2.055957078933716,1.0,0.0,0.0,0.0,1.0,0.0,0.0,0.0,0.0,0.0,0.0,0.0,0.0,0.0,0.0,0.0,0.0,0.0,0.02499479241669178,0.0996679961681366,0.043274227529764175,0.6916666626930237,0.0,0.0,0.0,1.0,0.1992575079202652,-2.1597094535827637,-1.8566994667053223,-2.0792362689971924,1,1,1,1
420.0,1491,1,dqn_shielded,0,0,0,0,2.090625762939453,1.0,0.0,0.0,0.0,1.0,0.0,0.0,0.0,0.0,0.0,0.0,0.0,0.0,0.0,0.0,0.0,0.0,0.0,0.012499349191784859,0.049958374351263046,0.021647252142429352,0.699999988079071,1.0,0.0,0.0,0.0,-0.20265093445777893,-2.7707772254943848,-2.293276786804199,-2.373274564743042,1,1,1,1
420.0,1491,2,dqn_shielded,0,0,0,0,2.1009011268615723,0.0,0.0,1.0,0.0,1.0,0.0996679961681366,0.0,0.0,0.0,0.0996679961681366,0.0,0.0,0.0,0.0,0.0,0.0,0.0,0.049958374351263046,0.012499349191784859,0.049958374351263046,0.021647252142429352,0.699999988079071,0.0,1.0,0.0,0.0,0.02894674986600876,-2.326892852783203,-2.1358864307403564,-2.0719544887542725,1,1,1,1
420.0,1491,5,dqn_shielded,2,2,2,0,9.164846420288086,0.0,0.0,1.0,0.0,0.0,0.0,0.0,0.0,0.0,0.0,0.0,0.0,0.0,0.0,0.0,0.0,0.0,0.0,0.012499349191784859,0.049958374351263046,0.021647252142429352,0.699999988079071,0.0,0.0,1.0,0.0,-10.454808235168457,-9.80798053741455,-0.09692597389221191,-9.261772155761719,0,0,1,0
420.0,1491,6,dqn_shielded,0,0,0,0,2.2378833293914795,1.0,0.0,0.0,0.0,1.0,0.0,0.0,0.0,0.0,0.0,0.0,0.0,0.0,0.0,0.0,0.0,0.0,0.0,0.012499349191784859,0.049958374351263046,0.021647252142429352,0.699999988079071,0.0,0.0,0.0,1.0,0.20126794278621674,-2.151604652404785,-2.0366153717041016,-2.316793203353882,1,1,1,1
425.0,1491,1,dqn_shielded,1,1,1,0,0.29005736112594604,1.0,0.0,0.0,0.0,1.0,-0.0996679961681366,0.0,0.0,0.0,0.0,0.0,0.0996679961681366,0.0,0.0996679961681366,0.0,0.0996679961681366,0.0,0.049958374351263046,0.02499479241669178,0.049958374351263046,0.02499479241669178,0.7083333134651184,1.0,0.0,0.0,0.0,-2.3098278045654297,-0.7558724284172058,-1.0459297895431519,-1.8763325214385986,1,1,1,1
425.0,1491,2,dqn_shielded,0,0,0,0,9.111942291259766,1.0,0.0,0.0,0.0,0.0,0.0,0.0,0.0,0.0,0.0,0.0,0.0,0.0,0.0,0.0,0.0,0.0,0.0,0.02499479241669178,0.049958374351263046,0.02499479241669178,0.7083333134651184,0.0,1.0,0.0,0.0,-0.01627647876739502,-9.475517272949219,-9.128218650817871,-10.814858436584473,1,0,0,0
425.0,1491,5,dqn_shielded,0,0,0,0,2.00097918510437,0.0,0.0,1.0,0.0,1.0,0.0996679961681366,0.0,0.0,0.0,0.0996679961681366,0.0,0.0,0.0,0.0,0.0,0.0,0.0,0.049958374351263046,0.02499479241669178,0.049958374351263046,0.02499479241669178,0.7083333134651184,0.0,0.0,1.0,0.0,-0.1192108541727066,-2.120190143585205,-3.291764497756958,-2.7151665687561035,1,1,1,1
425.0,1491,6,dqn_shielded,0,0,0,0,2.201721429824829,1.0,0.0,0.0,0.0,1.0,0.0,0.0,0.0,0.0,0.0,0.0,0.0,0.0,0.0,0.0,0.0,0.0,0.0,0.02499479241669178,0.049958374351263046,0.02499479241669178,0.7083333134651184,0.0,0.0,0.0,1.0,0.19502702355384827,-2.139437675476074,-2.0066943168640137,-2.258460760116577,1,1,1,1
430.0,1491,1,dqn_shielded,1,1,1,0,8.078743934631348,0.0,1.0,0.0,0.0,0.0,0.0,0.0,0.0996679961681366,0.0,0.0,0.0,0.0996679961681366,0.0,0.0,0.0,0.0,0.0,0.049958374351263046,0.02499479241669178,0.049958374351263046,0.02499479241669178,0.7166666388511658,1.0,0.0,0.0,0.0,-9.92488956451416,-0.42762047052383423,-8.506364822387695,-10.445551872253418,0,1,0,0
430.0,1491,2,dqn_shielded,0,0,0,0,2.0829341411590576,1.0,0.0,0.0,0.0,1.0,0.0,0.0,0.0,0.0,0.0,0.0,0.0,0.0,0.0,0.0,0.0,0.0,0.0,0.02499479241669178,0.049958374351263046,0.02499479241669178,0.7166666388511658,0.0,1.0,0.0,0.0,-0.04957491159439087,-2.1325089931488037,-2.246563196182251,-2.339705228805542,1,1,1,1
430.0,1491,5,dqn_shielded,0,0,0,0,8.808430671691895,1.0,0.0,0.0,0.0,0.0,0.0,0.0,0.0996679961681366,0.0,0.0,0.0,0.0996679961681366,0.0,0.0,0.0,0.0,0.0,0.049958374351263046,0.02499479241669178,0.049958374351263046,0.02499479241669178,0.7166666388511658,0.0,0.0,1.0,0.0,-0.03575378656387329,-9.029009819030762,-8.844184875488281,-10.578872680664062,1,0,0,0
430.0,1491,6,dqn_shielded,0,0,0,0,2.207928419113159,1.0,0.0,0.0,0.0,1.0,0.0,0.0,0.0,0.0,0.0,0.0,0.0,0.0,0.0,0.0,0.0,0.0,0.0,0.02499479241669178,0.049958374351263046,0.02499479241669178,0.7166666388511658,0.0,0.0,0.0,1.0,0.1942601203918457,-2.136444330215454,-2.0136682987213135,-2.254119873046875,1,1,1,1
435.0,1491,1,dqn_shielded,2,2,2,0,1.5118181705474854,0.0,1.0,0.0,0.0,1.0,0.0,0.0,0.1973753273487091,0.0,0.0,0.0,0.1973753273487091,0.0,0.0,0.0,0.0,0.0,0.0996679961681366,0.049958374351263046,0.0996679961681366,0.049958374351263046,0.7250000238418579,1.0,0.0,0.0,0.0,-3.649548292160034,-3.84395170211792,-0.4067079424858093,-1.91852605342865,1,1,1,1
435.0,1491,2,dqn_shielded,0,0,0,0,1.9248929023742676,1.0,0.0,0.0,0.0,1.0,0.0,0.0,0.0,0.0,0.0,0.0,0.0,0.0,0.0,0.0,0.0,0.0,0.0,0.049958374351263046,0.0996679961681366,0.049958374351263046,0.7250000238418579,0.0,1.0,0.0,0.0,-0.047609105706214905,-1.9725019931793213,-2.10087513923645,-2.094276189804077,1,1,1,1
435.0,1491,5,dqn_shielded,2,2,2,0,2.1770527362823486,1.0,0.0,0.0,0.0,1.0,0.0,0.0,0.1973753273487091,0.0,0.0,0.0,0.1973753273487091,0.0,0.0,0.0,0.0,0.0,0.0996679961681366,0.049958374351263046,0.0996679961681366,0.049958374351263046,0.7250000238418579,0.0,0.0,1.0,0.0,-4.143285274505615,-3.1520907878875732,-0.3932310938835144,-2.570283889770508,1,1,1,1
435.0,1491,6,dqn_shielded,0,0,0,0,1.9711627960205078,1.0,0.0,0.0,0.0,1.0,0.0,0.0,0.0,0.0,0.0,0.0,0.0,0.0,0.0,0.0,0.0,0.0,0.0,0.049958374351263046,0.0996679961681366,0.049958374351263046,0.7250000238418579,0.0,0.0,0.0,1.0,0.18057569861412048,-2.1167376041412354,-1.790587067604065,-1.952027678489685,1,1,1,1
440.0,1491,1,dqn_shielded,2,2,2,0,5.41453742980957,0.0,0.0,1.0,0.0,0.0,0.1973753273487091,0.0,-0.0996679961681366,0.0,0.29131263494491577,0.0,0.0,0.0,0.0996679961681366,0.0,0.0996679961681366,0.0,0.14888502657413483,0.0872773751616478,0.14888502657413483,0.06486071646213531,0.7333333492279053,1.0,0.0,0.0,0.0,-5.9559760093688965,-8.528556823730469,-0.541438639163971,-7.258642196655273,0,0,1,0
440.0,1491,2,dqn_shielded,0,0,0,0,1.7447824478149414,1.0,0.0,0.0,0.0,1.0,0.0,0.0,0.0,0.0,0.0,0.0,0.0,0.0,0.0,0.0,0.0,0.0,0.0,0.0872773751616478,0.14888502657413483,0.06486071646213531,0.7333333492279053,0.0,1.0,0.0,0.0,-0.08496999740600586,-1.8977735042572021,-1.9540159702301025,-1.8297524452209473,1,1,1,1
440.0,1491,5,dqn_shielded,2,2,2,0,7.418998718261719,0.0,0.0,1.0,0.0,0.0,-0.1973753273487091,0.0,-0.29131263494491577,0.0,0.0996679961681366,0.0,0.0,0.0,0.29131263494491577,0.0,0.29131263494491577,0.0,0.049958374351263046,0.0872773751616478,0.14888502657413483,0.06486071646213531,0.7333333492279053,0.0,0.0,1.0,0.0,-7.8517656326293945,-7.931643486022949,-0.23905372619628906,-7.658052444458008,0,0,1,0
440.0,1491,6,dqn_shielded,2,2,2,0,3.6185543537139893,1.0,0.0,0.0,0.0,1.0,0.0,0.0,0.29131263494491577,0.0,0.0,0.0,0.29131263494491577,0.0,0.0,0.0,0.0,0.0,0.14888502657413483,0.0872773751616478,0.14888502657413483,0.06486071646213531,0.7333333492279053,0.0,0.0,0.0,1.0,-3.7465174198150635,-4.148775577545166,-0.127963125705719,-4.155995845794678,0,0,1,0
445.0,1491,1,dqn_shielded,0,0,0,0,2.280381917953491,0.0,0.0,1.0,0.0,1.0,0.29131263494491577,0.0,-0.0996679961681366,0.0,0.3799489736557007,0.0,0.0,0.0,0.0996679961681366,0.0,0.0996679961681366,0.0,0.1973753273487091,0.0872773751616478,0.1973753273487091,0.07381648570299149,0.7416666746139526,1.0,0.0,0.0,0.0,-0.5701477527618408,-3.2202353477478027,-3.7137997150421143,-2.850529670715332,1,0,0,0
445.0,1491,2,dqn_shielded,1,1,1,0,2.113532543182373,1.0,0.0,0.0,0.0,1.0,-0.0996679961681366,0.0,-0.0996679961681366,0.0,0.0,0.0,0.0,0.0,0.0996679961681366,0.0,0.0996679961681366,0.0,0.0,0.0872773751616478,0.1973753273487091,0.07381648570299149,0.7416666746139526,0.0,1.0,0.0,0.0,-2.7888503074645996,-0.32449084520339966,-2.438023328781128,-3.1274924278259277,1,1,1,1
445.0,1491,5,dqn_shielded,0,0,0,0,1.7044429779052734,0.0,0.0,1.0,0.0,1.0,0.0,0.0,-0.0996679961681366,0.0,0.0996679961681366,0.0,0.0,0.0,0.0996679961681366,0.0,0.0996679961681366,0.0,0.049958374351263046,0.0872773751616478,0.1973753273487091,0.07381648570299149,0.7416666746139526,0.0,0.0,1.0,0.0,-0.13578811287879944,-1.8402310609817505,-2.84303617477417,-2.2460553646087646,1,1,1,1
445.0,1491,6,dqn_shielded,2,2,2,0,7.758124828338623,0.0,0.0,1.0,0.0,0.0,0.0996679961681366,0.0,0.0996679961681366,0.0,0.0996679961681366,0.0,0.0996679961681366,0.0,0.0,0.0,0.0,0.0,0.0996679961681366,0.0872773751616478,0.1973753273487091,0.07381648570299149,0.7416666746139526,0.0,0.0,0.0,1.0,-7.85507345199585,-8.496484756469727,-0.09694862365722656,-7.885666370391846,0,0,1,0
450.0,1491,1,dqn_shielded,0,0,0,0,8.491277694702148,1.0,0.0,0.0,0.0,0.0,0.0996679961681366,0.0,0.0,0.0,0.0996679961681366,0.0,0.0,0.0,0.0,0.0,0.0,0.0,0.049958374351263046,0.02499479241669178,0.049958374351263046,0.02499479241669178,0.75,1.0,0.0,0.0,0.0,-0.2532253563404083,-9.579370498657227,-8.744503021240234,-10.359731674194336,1,0,0,0
450.0,1491,2,dqn_shielded,1,1,1,0,7.525347709655762,0.0,1.0,0.0,0.0,0.0,-0.0996679961681366,0.0,-0.0996679961681366,0.0,0.0,0.0,0.0,0.0,0.0996679961681366,0.0,0.0996679961681366,0.0,0.0,0.02499479241669178,0.049958374351263046,0.02499479241669178,0.75,0.0,1.0,0.0,0.0,-9.660503387451172,-0.1100042462348938,-7.63535213470459,-8.879676818847656,0,1,0,0
450.0,1491,5,dqn_shielded,0,0,0,0,9.305326461791992,1.0,0.0,0.0,0.0,0.0,0.0,0.0,0.0,0.0,0.0,0.0,0.0,0.0,0.0,0.0,0.0,0.0,0.0,0.02499479241669178,0.049958374351263046,0.02499479241669178,0.75,0.0,0.0,1.0,0.0,-0.058006107807159424,-9.41388988494873,-9.363332748413086,-10.879579544067383,1,0,0,0
450.0,1491,6,dqn_shielded,0,0,0,0,1.9484184980392456,0.0,0.0,1.0,0.0,1.0,0.0996679961681366,0.0,0.0,0.0,0.0996679961681366,0.0,0.0,0.0,0.0,0.0,0.0,0.0,0.049958374351263046,0.02499479241669178,0.049958374351263046,0.02499479241669178,0.75,0.0,0.0,0.0,1.0,0.14734578132629395,-1.8010727167129517,-2.6260085105895996,-2.237818717956543,1,1,1,1
455.0,1491,1,dqn_shielded,0,0,0,0,1.7404429912567139,1.0,0.0,0.0,0.0,1.0,0.0,0.0,0.0,0.0,0.0,0.0,0.0,0.0,0.0,0.0,0.0,0.0,0.0,0.02499479241669178,0.0996679961681366,0.043274227529764175,0.7583333253860474,1.0,0.0,0.0,0.0,-0.22437161207199097,-2.322575330734253,-1.96481454372406,-2.237962007522583,1,1,1,1
455.0,1491,2,dqn_shielded,1,1,1,0,1.4887259006500244,0.0,1.0,0.0,0.0,1.0,0.0,0.0,0.0,0.0,0.0,0.0,0.0,0.0,0.0,0.0,0.0,0.0,0.0,0.02499479241669178,0.0996679961681366,0.043274227529764175,0.7583333253860474,0.0,1.0,0.0,0.0,-1.9020586013793945,-0.052902042865753174,-1.5416278839111328,-2.5421581268310547,1,1,1,1
455.0,1491,5,dqn_shielded,1,1,1,0,2.875479221343994,1.0,0.0,0.0,0.0,1.0,-0.1973753273487091,0.0,-0.1973753273487091,0.0,0.0,0.0,0.0,0.0,0.1973753273487091,0.0,0.1973753273487091,0.0,0.0,0.02499479241669178,0.0996679961681366,0.043274227529764175,0.7583333253860474,0.0,0.0,1.0,0.0,-5.584413051605225,-0.33459606766700745,-3.2100753784179688,-3.635789155960083,1,1,1,1
455.0,1491,6,dqn_shielded,0,0,0,0,7.17782735824585,1.0,0.0,0.0,0.0,0.0,0.0,0.0,0.1973753273487091,0.0,0.0,0.0,0.1973753273487091,0.0,0.0,0.0,0.0,0.0,0.0996679961681366,0.02499479241669178,0.0996679961681366,0.043274227529764175,0.7583333253860474,0.0,0.0,0.0,1.0,0.09367412328720093,-7.58233118057251,-7.084153175354004,-9.539732933044434,1,0,0,0
460.0,1491,1,dqn_shielded,1,1,1,0,0.9257716536521912,1.0,0.0,0.0,0.0,1.0,-0.29131263494491577,0.0,-0.1973753273487091,0.0,0.0,0.0,0.0996679961681366,0.0,0.29131263494491577,0.0,0.29131263494491577,0.0,0.049958374351263046,0.11202777922153473,0.24491865932941437,0.09572035819292068,0.7666666507720947,1.0,0.0,0.0,0.0,-3.966935157775879,-0.8178279995918274,-2.430321455001831,-1.7435996532440186,0,1,1,1
460.0,1491,2,dqn_shielded,2,2,2,0,2.052541732788086,0.0,1.0,0.0,0.0,1.0,0.0,0.0,0.29131263494491577,0.0,0.0,0.0,0.29131263494491577,0.0,0.0,0.0,0.0,0.0,0.14888502657413483,0.11202777922153473,0.24491865932941437,0.09572035819292068,0.7666666507720947,0.0,1.0,0.0,0.0,-4.821320533752441,-4.1753621101379395,-0.37522947788238525,-2.4277710914611816,0,0,1,0
460.0,1491,5,dqn_shielded,1,1,1,0,4.677680015563965,0.0,1.0,0.0,0.0,0.0,-0.46211719512939453,0.0,-0.46211719512939453,0.0,0.0,0.0,0.0,0.0,0.46211719512939453,0.0,0.46211719512939453,0.0,0.0,0.11202777922153473,0.24491865932941437,0.09572035819292068,0.7666666507720947,0.0,0.0,1.0,0.0,-6.208888053894043,-0.37873727083206177,-5.056417465209961,-5.343363285064697,0,1,0,0
460.0,1491,6,dqn_shielded,2,2,2,0,3.8926806449890137,1.0,0.0,0.0,0.0,1.0,0.0,0.0,0.46211719512939453,0.0,0.0,0.0,0.46211719512939453,0.0,0.0,0.0,0.0,0.0,0.24491865932941437,0.11202777922153473,0.24491865932941437,0.09572035819292068,0.7666666507720947,0.0,0.0,0.0,1.0,-4.353421211242676,-5.345401287078857,-0.46074044704437256,-5.21779203414917,0,0,1,0
465.0,1491,1,dqn_shielded,1,1,1,0,7.6237664222717285,0.0,1.0,0.0,0.0,0.0,-0.0996679961681366,0.0,0.0996679961681366,0.0,0.0,0.0,0.1973753273487091,0.0,0.0996679961681366,0.0,0.0996679961681366,0.0,0.0996679961681366,0.0996679961681366,0.14888502657413483,0.03534061461687088,0.7749999761581421,1.0,0.0,0.0,0.0,-8.389932632446289,-0.5122065544128418,-8.13597297668457,-9.557851791381836,0,1,0,0
465.0,1491,2,dqn_shielded,2,2,2,0,7.120131015777588,0.0,0.0,1.0,0.0,0.0,0.1973753273487091,0.0,0.0996679961681366,0.0,0.1973753273487091,0.0,0.0996679961681366,0.0,0.0,0.0,0.0,0.0,0.14888502657413483,0.0996679961681366,0.14888502657413483,0.03534061461687088,0.7749999761581421,0.0,1.0,0.0,0.0,-7.427567005157471,-8.148097038269043,-0.30743610858917236,-7.670360088348389,0,0,1,0
465.0,1491,5,dqn_shielded,1,1,1,0,1.4653244018554688,0.0,1.0,0.0,0.0,1.0,-0.1973753273487091,0.0,-0.0996679961681366,0.0,0.0,0.0,0.0996679961681366,0.0,0.1973753273487091,0.0,0.1973753273487091,0.0,0.049958374351263046,0.0996679961681366,0.14888502657413483,0.03534061461687088,0.7749999761581421,0.0,0.0,1.0,0.0,-3.0849528312683105,-0.3133224546909332,-1.8475737571716309,-1.7786468267440796,1,1,1,1
465.0,1491,6,dqn_shielded,2,2,2,0,8.077643394470215,0.0,0.0,1.0,0.0,0.0,0.0,0.0,0.1973753273487091,0.0,0.0,0.0,0.1973753273487091,0.0,0.0,0.0,0.0,0.0,0.0996679961681366,0.0996679961681366,0.14888502657413483,0.03534061461687088,0.7749999761581421,0.0,0.0,0.0,1.0,-8.485213279724121,-8.69502067565918,-0.004397988319396973,-8.08204174041748,0,0,1,0
470.0,1491,1,dqn_shielded,1,1,1,0,1.4240440130233765,0.0,1.0,0.0,0.0,1.0,-0.29131263494491577,0.0,-0.0996679961681366,0.0,0.0,0.0,0.1973753273487091,0.0,0.29131263494491577,0.0,0.29131263494491577,0.0,0.0996679961681366,0.11202777922153473,0.24491865932941437,0.08903149515390396,0.7833333611488342,1.0,0.0,0.0,0.0,-2.385146379470825,-0.6390029191970825,-2.242465019226074,-2.063046932220459,0,1,1,1
470.0,1491,2,dqn_shielded,0,0,0,0,2.053719997406006,0.0,0.0,1.0,0.0,1.0,0.1973753273487091,0.0,0.0,0.0,0.1973753273487091,0.0,0.0,0.0,0.0,0.0,0.0,0.0,0.0996679961681366,0.11202777922153473,0.24491865932941437,0.08903149515390396,0.7833333611488342,0.0,1.0,0.0,0.0,-0.14241625368595123,-2.5516560077667236,-2.196136236190796,-2.365873336791992,1,1,1,1
470.0,1491,5,dqn_shielded,0,0,0,0,2.9970104694366455,0.0,1.0,0.0,0.0,1.0,0.29131263494491577,0.0,0.1973753273487091,0.0,0.29131263494491577,0.0,0.1973753273487091,0.0,0.0,0.0,0.0,0.0,0.24491865932941437,0.11202777922153473,0.24491865932941437,0.08903149515390396,0.7833333611488342,0.0,0.0,1.0,0.0,-0.5586085319519043,-4.209517955780029,-3.55561900138855,-4.291873455047607,1,0,1,0
470.0,1491,6,dqn_shielded,2,2,2,0,1.2505162954330444,0.0,0.0,1.0,0.0,1.0,0.0,0.0,0.0,0.0,0.0,0.0,0.0,0.0,0.0,0.0,0.0,0.0,0.0,0.11202777922153473,0.24491865932941437,0.08903149515390396,0.7833333611488342,0.0,0.0,0.0,1.0,-2.3626439571380615,-1.992849588394165,0.15297390520572662,-1.097542405128479,1,1,1,1
475.0,1491,1,dqn_shielded,1,1,1,0,0.6837011575698853,0.0,1.0,0.0,0.0,1.0,-0.0996679961681366,0.0,0.0,0.0,0.0996679961681366,0.0,0.1973753273487091,0.0,0.1973753273487091,0.0,0.1973753273487091,0.0,0.14888502657413483,0.0996679961681366,0.1973753273487091,0.07889264822006226,0.7916666865348816,1.0,0.0,0.0,0.0,-1.3992869853973389,-0.7155858278274536,-2.060429334640503,-2.4855825901031494,1,1,1,1
475.0,1491,2,dqn_shielded,0,0,0,0,8.401762008666992,1.0,0.0,0.0,0.0,0.0,0.0996679961681366,0.0,0.0,0.0,0.0996679961681366,0.0,0.0,0.0,0.0,0.0,0.0,0.0,0.049958374351263046,0.0996679961681366,0.1973753273487091,0.07889264822006226,0.7916666865348816,0.0,1.0,0.0,0.0,-0.05643969774246216,-8.716660499572754,-8.45820140838623,-9.883944511413574,1,0,0,0
475.0,1491,5,dqn_shielded,0,0,0,0,7.47979211807251,1.0,0.0,0.0,0.0,0.0,0.1973753273487091,0.0,0.1973753273487091,0.0,0.1973753273487091,0.0,0.1973753273487091,0.0,0.0,0.0,0.0,0.0,0.1973753273487091,0.0996679961681366,0.1973753273487091,0.07889264822006226,0.7916666865348816,0.0,0.0,1.0,0.0,-0.13758575916290283,-7.949636936187744,-7.617377758026123,-9.714025497436523,1,0,0,0
475.0,1491,6,dqn_shielded,2,2,2,0,1.3912336826324463,0.0,0.0,1.0,0.0,1.0,0.0,0.0,0.0,0.0,0.0,0.0,0.0,0.0,0.0,0.0,0.0,0.0,0.0,0.0996679961681366,0.1973753273487091,0.07889264822006226,0.7916666865348816,0.0,0.0,0.0,1.0,-2.3917806148529053,-2.055180311203003,0.19150181114673615,-1.1997318267822266,1,1,1,1
480.0,1491,1,dqn_shielded,0,0,0,0,2.034611701965332,0.0,1.0,0.0,0.0,1.0,0.1973753273487091,0.0,0.1973753273487091,0.0,0.1973753273487091,0.0,0.1973753273487091,0.0,0.0,0.0,0.0,0.0,0.1973753273487091,0.07485969364643097,0.1973753273487091,0.0827261283993721,0.800000011920929,1.0,0.0,0.0,0.0,-0.35806623101234436,-3.7750084400177,-2.3926780223846436,-3.2097010612487793,1,1,1,1
480.0,1491,2,dqn_shielded,0,0,0,0,1.708958387374878,1.0,0.0,0.0,0.0,1.0,0.0,0.0,0.0,0.0,0.0,0.0,0.0,0.0,0.0,0.0,0.0,0.0,0.0,0.07485969364643097,0.1973753273487091,0.0827261283993721,0.800000011920929,0.0,1.0,0.0,0.0,-0.08436761796474457,-1.7942262887954712,-1.8933486938476562,-1.7933260202407837,1,1,1,1
480.0,1491,5,dqn_shielded,2,2,2,0,1.9805786609649658,1.0,0.0,0.0,0.0,1.0,0.0,0.0,0.1973753273487091,0.0,0.0,0.0,0.1973753273487091,0.0,0.0,0.0,0.0,0.0,0.0996679961681366,0.07485969364643097,0.1973753273487091,0.0827261283993721,0.800000011920929,0.0,0.0,1.0,0.0,-3.7668514251708984,-2.978907823562622,-0.4374866187572479,-2.418065309524536,1,1,1,1
480.0,1491,6,dqn_shielded,2,2,2,0,1.4603664875030518,0.0,0.0,1.0,0.0,1.0,0.0,0.0,0.0,0.0,0.0,0.0,0.0,0.0,0.0,0.0,0.0,0.0,0.0,0.07485969364643097,0.1973753273487091,0.0827261283993721,0.800000011920929,0.0,0.0,0.0,1.0,-2.405839204788208,-2.155677318572998,0.21556012332439423,-1.2448064088821411,1,1,1,1
485.0,1491,1,dqn_shielded,0,0,0,0,5.925105094909668,1.0,0.0,0.0,0.0,0.0,0.0,0.0,0.29131263494491577,0.0,0.0,0.0,0.29131263494491577,0.0,0.0,0.0,0.0,0.0,0.14888502657413483,0.03748243302106857,0.14888502657413483,0.06486071646213531,0.8083333373069763,1.0,0.0,0.0,0.0,-0.3298007845878601,-7.547512054443359,-6.254905700683594,-9.052632331848145,1,0,0,0
485.0,1491,2,dqn_shielded,0,0,0,0,1.7802119255065918,1.0,0.0,0.0,0.0,1.0,0.0,0.0,0.0,0.0,0.0,0.0,0.0,0.0,0.0,0.0,0.0,0.0,0.0,0.03748243302106857,0.14888502657413483,0.06486071646213531,0.8083333373069763,0.0,1.0,0.0,0.0,-0.04693251848220825,-1.8271443843841553,-2.0834646224975586,-2.115955352783203,1,1,1,1
485.0,1491,5,dqn_shielded,2,2,2,0,8.8045015335083,0.0,0.0,1.0,0.0,0.0,0.0,0.0,0.0,0.0,0.0,0.0,0.0,0.0,0.0,0.0,0.0,0.0,0.0,0.03748243302106857,0.14888502657413483,0.06486071646213531,0.8083333373069763,0.0,0.0,1.0,0.0,-10.254434585571289,-9.34426498413086,-0.1187017560005188,-8.923203468322754,0,0,1,0
485.0,1491,6,dqn_shielded,2,2,2,0,1.6499825716018677,0.0,0.0,1.0,0.0,1.0,0.0,0.0,0.0,0.0,0.0,0.0,0.0,0.0,0.0,0.0,0.0,0.0,0.0,0.03748243302106857,0.14888502657413483,0.06486071646213531,0.8083333373069763,0.0,0.0,0.0,1.0,-2.3368430137634277,-2.252321481704712,0.2761416733264923,-1.3738409280776978,1,1,1,1
490.0,1491,1,dqn_shielded,2,2,2,0,2.067314624786377,1.0,0.0,0.0,0.0,1.0,-0.0996679961681366,0.0,0.1973753273487091,0.0,0.0,0.0,0.29131263494491577,0.0,0.0996679961681366,0.0,0.0996679961681366,0.0,0.14888502657413483,0.049958374351263046,0.14888502657413483,0.06116081401705742,0.8166666626930237,1.0,0.0,0.0,0.0,-4.697272777557373,-3.2601308822631836,-0.5981740355491638,-2.6654887199401855,0,1,1,1
490.0,1491,2,dqn_shielded,0,0,0,0,1.7768467664718628,1.0,0.0,0.0,0.0,1.0,0.0,0.0,0.0,0.0,0.0,0.0,0.0,0.0,0.0,0.0,0.0,0.0,0.0,0.049958374351263046,0.14888502657413483,0.06116081401705742,0.8166666626930237,0.0,1.0,0.0,0.0,-0.04615695774555206,-1.8230037689208984,-2.067213296890259,-2.0829739570617676,1,1,1,1
490.0,1491,5,dqn_shielded,0,0,0,0,1.7828692197799683,0.0,0.0,1.0,0.0,1.0,0.0996679961681366,0.0,0.0,0.0,0.0996679961681366,0.0,0.0,0.0,0.0,0.0,0.0,0.0,0.049958374351263046,0.049958374351263046,0.14888502657413483,0.06116081401705742,0.8166666626930237,0.0,0.0,1.0,0.0,-0.13216756284236908,-1.9150367975234985,-3.068873643875122,-2.3229994773864746,1,1,1,1
490.0,1491,6,dqn_shielded,2,2,2,0,1.612907886505127,0.0,0.0,1.0,0.0,1.0,0.0,0.0,0.0,0.0,0.0,0.0,0.0,0.0,0.0,0.0,0.0,0.0,0.0,0.049958374351263046,0.14888502657413483,0.06116081401705742,0.8166666626930237,0.0,0.0,0.0,1.0,-2.3480982780456543,-2.227539539337158,0.26139724254608154,-1.3515106439590454,1,1,1,1
495.0,1491,1,dqn_shielded,2,2,2,0,8.028635025024414,0.0,0.0,1.0,0.0,0.0,0.0,0.0,0.1973753273487091,0.0,0.0,0.0,0.1973753273487091,0.0,0.0,0.0,0.0,0.0,0.0996679961681366,0.06241874769330025,0.14888502657413483,0.06486071646213531,0.824999988079071,1.0,0.0,0.0,0.0,-9.015589714050293,-8.69525146484375,-0.4790993928909302,-8.507734298706055,0,0,1,0
495.0,1491,2,dqn_shielded,1,1,1,0,2.2341809272766113,1.0,0.0,0.0,0.0,1.0,-0.29131263494491577,0.0,-0.29131263494491577,0.0,0.0,0.0,0.0,0.0,0.29131263494491577,0.0,0.29131263494491577,0.0,0.0,0.06241874769330025,0.14888502657413483,0.06486071646213531,0.824999988079071,0.0,1.0,0.0,0.0,-4.601222515106201,-0.34597957134246826,-3.1938698291778564,-2.580160617828369,0,1,0,1
495.0,1491,5,dqn_shielded,0,0,0,0,8.842582702636719,1.0,0.0,0.0,0.0,0.0,0.0,0.0,0.0,0.0,0.0,0.0,0.0,0.0,0.0,0.0,0.0,0.0,0.0,0.06241874769330025,0.14888502657413483,0.06486071646213531,0.824999988079071,0.0,0.0,1.0,0.0,-0.07830041646957397,-8.920883178710938,-9.009556770324707,-10.384339332580566,1,0,0,0
495.0,1491,6,dqn_shielded,0,0,0,0,3.278454303741455,0.0,0.0,1.0,0.0,1.0,0.29131263494491577,0.0,0.0,0.0,0.29131263494491577,0.0,0.0,0.0,0.0,0.0,0.0,0.0,0.14888502657413483,0.06241874769330025,0.14888502657413483,0.06486071646213531,0.824999988079071,0.0,0.0,0.0,1.0,-0.041282519698143005,-3.3197367191314697,-4.179808616638184,-3.709584951400757,1,0,0,0
500.0,1491,1,dqn_shielded,2,2,2,0,1.9127330780029297,0.0,0.0,1.0,0.0,1.0,0.0,0.0,0.0,0.0,0.0,0.0,0.0,0.0,0.0,0.0,0.0,0.0,0.0,0.03748243302106857,0.0996679961681366,0.04143407568335533,0.8333333134651184,1.0,0.0,0.0,0.0,-3.087313175201416,-2.190023899078369,-0.2772907614707947,-3.075164318084717,1,1,1,1
500.0,1491,2,dqn_shielded,1,1,1,0,7.149392127990723,0.0,1.0,0.0,0.0,0.0,-0.0996679961681366,0.0,-0.1973753273487091,0.0,0.0996679961681366,0.0,0.0,0.0,0.1973753273487091,0.0,0.1973753273487091,0.0,0.049958374351263046,0.03748243302106857,0.0996679961681366,0.04143407568335533,0.8333333134651184,0.0,1.0,0.0,0.0,-8.91196346282959,-0.3055156469345093,-7.4549078941345215,-8.791820526123047,0,1,0,0
500.0,1491,5,dqn_shielded,0,0,0,0,1.4464114904403687,1.0,0.0,0.0,0.0,1.0,0.0,0.0,0.0,0.0,0.0,0.0,0.0,0.0,0.0,0.0,0.0,0.0,0.0,0.03748243302106857,0.0996679961681366,0.04143407568335533,0.8333333134651184,0.0,0.0,1.0,0.0,0.07097828388214111,-1.3754332065582275,-2.749769687652588,-2.7509708404541016,1,1,1,1
500.0,1491,6,dqn_shielded,0,0,0,0,7.645758628845215,1.0,0.0,0.0,0.0,0.0,0.1973753273487091,0.0,0.0,0.0,0.1973753273487091,0.0,0.0,0.0,0.0,0.0,0.0,0.0,0.0996679961681366,0.03748243302106857,0.0996679961681366,0.04143407568335533,0.8333333134651184,0.0,0.0,0.0,1.0,0.26226115226745605,-7.38349723815918,-8.122777938842773,-8.65115737915039,1,0,0,0
505.0,1491,1,dqn_shielded,0,0,0,0,1.6454644203186035,0.0,0.0,1.0,0.0,1.0,0.0996679961681366,0.0,0.0,0.0,0.0996679961681366,0.0,0.0,0.0,0.0,0.0,0.0,0.0,0.049958374351263046,0.049958374351263046,0.0996679961681366,0.03534061461687088,0.8416666388511658,1.0,0.0,0.0,0.0,-0.2667756676673889,-2.0366461277008057,-2.1093788146972656,-1.9122400283813477,1,1,1,1
505.0,1491,2,dqn_shielded,0,0,0,0,2.3578357696533203,0.0,1.0,0.0,0.0,1.0,0.0996679961681366,0.0,0.0,0.0,0.0996679961681366,0.0,0.0,0.0,0.0,0.0,0.0,0.0,0.049958374351263046,0.049958374351263046,0.0996679961681366,0.03534061461687088,0.8416666388511658,0.0,1.0,0.0,0.0,-0.045112624764442444,-2.4029483795166016,-2.4796664714813232,-2.651585578918457,1,1,1,1
505.0,1491,5,dqn_shielded,1,1,1,0,2.7959463596343994,1.0,0.0,0.0,0.0,1.0,-0.1973753273487091,0.0,-0.1973753273487091,0.0,0.0,0.0,0.0,0.0,0.1973753273487091,0.0,0.1973753273487091,0.0,0.0,0.049958374351263046,0.0996679961681366,0.03534061461687088,0.8416666388511658,0.0,0.0,1.0,0.0,-5.411536693572998,-0.35645613074302673,-3.152402400970459,-3.5090346336364746,1,1,1,1
505.0,1491,6,dqn_shielded,2,2,2,0,2.7889299392700195,1.0,0.0,0.0,0.0,1.0,0.0,0.0,0.1973753273487091,0.0,0.0,0.0,0.1973753273487091,0.0,0.0,0.0,0.0,0.0,0.0996679961681366,0.049958374351263046,0.0996679961681366,0.03534061461687088,0.8416666388511658,0.0,0.0,0.0,1.0,-2.740445613861084,-3.11191987991333,0.048484429717063904,-3.106499433517456,1,1,1,1
510.0,1491,1,dqn_shielded,0,0,0,0,8.478941917419434,1.0,0.0,0.0,0.0,0.0,-0.0996679961681366,0.0,0.0,0.0,0.0,0.0,0.0996679961681366,0.0,0.0996679961681366,0.0,0.0996679961681366,0.0,0.049958374351263046,0.03748243302106857,0.049958374351263046,0.021647252142429352,0.8500000238418579,1.0,0.0,0.0,0.0,-0.305738627910614,-8.784680366516113,-8.869256973266602,-10.228570938110352,1,0,0,0
510.0,1491,2,dqn_shielded,0,0,0,0,8.566073417663574,1.0,0.0,0.0,0.0,0.0,-0.0996679961681366,0.0,0.0,0.0,0.0,0.0,0.0996679961681366,0.0,0.0996679961681366,0.0,0.0996679961681366,0.0,0.049958374351263046,0.03748243302106857,0.049958374351263046,0.021647252142429352,0.8500000238418579,0.0,1.0,0.0,0.0,-0.19702380895614624,-8.763096809387207,-9.180379867553711,-10.734055519104004,1,0,0,0
510.0,1491,5,dqn_shielded,1,1,1,0,8.75045108795166,0.0,1.0,0.0,0.0,0.0,0.0,0.0,0.0,0.0,0.0,0.0,0.0,0.0,0.0,0.0,0.0,0.0,0.0,0.03748243302106857,0.049958374351263046,0.021647252142429352,0.8500000238418579,0.0,0.0,1.0,0.0,-10.770393371582031,-0.18067240715026855,-8.931123733520508,-10.610804557800293,0,1,0,0
510.0,1491,6,dqn_shielded,2,2,2,0,7.6046552658081055,0.0,0.0,1.0,0.0,0.0,0.0996679961681366,0.0,0.0,0.0,0.0996679961681366,0.0,0.0,0.0,0.0,0.0,0.0,0.0,0.049958374351263046,0.03748243302106857,0.049958374351263046,0.021647252142429352,0.8500000238418579,0.0,0.0,0.0,1.0,-7.756022930145264,-8.554941177368164,-0.04834318161010742,-7.652998447418213,0,0,1,0
515.0,1491,1,dqn_shielded,2,2,2,0,1.5865023136138916,1.0,0.0,0.0,0.0,1.0,-0.29131263494491577,0.0,0.0996679961681366,0.0,0.0,0.0,0.3799489736557007,0.0,0.29131263494491577,0.0,0.29131263494491577,0.0,0.1973753273487091,0.11202777922153473,0.1973753273487091,0.07381648570299149,0.8583333492279053,1.0,0.0,0.0,0.0,-3.1067984104156494,-2.4117424488067627,-0.8028390407562256,-2.389341354370117,0,1,1,1
515.0,1491,2,dqn_shielded,2,2,2,0,1.4261308908462524,1.0,0.0,0.0,0.0,1.0,-0.1973753273487091,0.0,0.0996679961681366,0.0,0.0,0.0,0.29131263494491577,0.0,0.1973753273487091,0.0,0.1973753273487091,0.0,0.14888502657413483,0.11202777922153473,0.1973753273487091,0.07381648570299149,0.8583333492279053,0.0,1.0,0.0,0.0,-2.866340398788452,-1.767928957939148,-0.3417980670928955,-2.2082595825195312,0,1,1,1
515.0,1491,5,dqn_shielded,1,1,1,0,2.0991787910461426,0.0,1.0,0.0,0.0,1.0,0.0,0.0,0.0,0.0,0.0,0.0,0.0,0.0,0.0,0.0,0.0,0.0,0.0,0.11202777922153473,0.1973753273487091,0.07381648570299149,0.8583333492279053,0.0,0.0,1.0,0.0,-2.3877358436584473,-0.2317350208759308,-2.330913782119751,-2.6286847591400146,1,1,1,1
515.0,1491,6,dqn_shielded,0,0,0,0,2.4311141967773438,0.0,0.0,1.0,0.0,1.0,0.1973753273487091,0.0,0.0,0.0,0.1973753273487091,0.0,0.0,0.0,0.0,0.0,0.0,0.0,0.0996679961681366,0.11202777922153473,0.1973753273487091,0.07381648570299149,0.8583333492279053,0.0,0.0,0.0,1.0,-0.008628934621810913,-2.4397430419921875,-3.128960132598877,-2.739574670791626,1,1,1,1
520.0,1491,1,dqn_shielded,2,2,2,0,7.240959167480469,0.0,0.0,1.0,0.0,0.0,-0.29131263494491577,0.0,-0.1973753273487091,0.0,0.0,0.0,0.0996679961681366,0.0,0.29131263494491577,0.0,0.29131263494491577,0.0,0.049958374351263046,0.049958374351263046,0.14888502657413483,0.06116081401705742,0.8666666746139526,1.0,0.0,0.0,0.0,-7.966573238372803,-8.242325782775879,-0.5332714915275574,-7.774230480194092,0,0,1,0
520.0,1491,2,dqn_shielded,2,2,2,0,7.798333168029785,0.0,0.0,1.0,0.0,0.0,0.0,0.0,0.29131263494491577,0.0,0.0,0.0,0.29131263494491577,0.0,0.0,0.0,0.0,0.0,0.14888502657413483,0.049958374351263046,0.14888502657413483,0.06116081401705742,0.8666666746139526,0.0,1.0,0.0,0.0,-8.81002140045166,-7.979978561401367,-0.18164539337158203,-8.046438217163086,0,0,1,0
520.0,1491,5,dqn_shielded,1,1,1,0,2.224334716796875,0.0,1.0,0.0,0.0,1.0,0.0,0.0,0.0,0.0,0.0,0.0,0.0,0.0,0.0,0.0,0.0,0.0,0.0,0.049958374351263046,0.14888502657413483,0.06116081401705742,0.8666666746139526,0.0,0.0,1.0,0.0,-2.998305082321167,-0.2230953723192215,-2.44743013381958,-3.1201109886169434,1,1,1,1
520.0,1491,6,dqn_shielded,0,0,0,0,8.258121490478516,1.0,0.0,0.0,0.0,0.0,0.0,0.0,0.0,0.0,0.0,0.0,0.0,0.0,0.0,0.0,0.0,0.0,0.0,0.049958374351263046,0.14888502657413483,0.06116081401705742,0.8666666746139526,0.0,0.0,0.0,1.0,0.18295234441757202,-8.075169563293457,-8.699559211730957,-9.781778335571289,1,0,0,0
525.0,1491,1,dqn_shielded,0,0,0,0,1.8501464128494263,0.0,0.0,1.0,0.0,1.0,0.0996679961681366,0.0,0.0,0.0,0.0996679961681366,0.0,0.0,0.0,0.0,0.0,0.0,0.0,0.049958374351263046,0.03748243302106857,0.049958374351263046,0.021647252142429352,0.875,1.0,0.0,0.0,0.0,-0.2588297128677368,-2.108976125717163,-2.254392147064209,-2.137769937515259,1,1,1,1
525.0,1491,2,dqn_shielded,0,0,0,0,2.003779649734497,0.0,0.0,1.0,0.0,1.0,0.0996679961681366,0.0,0.0,0.0,0.0996679961681366,0.0,0.0,0.0,0.0,0.0,0.0,0.0,0.049958374351263046,0.03748243302106857,0.049958374351263046,0.021647252142429352,0.875,0.0,1.0,0.0,0.0,-0.0027263611555099487,-2.0065059661865234,-2.11421799659729,-2.1117382049560547,1,1,1,1
525.0,1491,5,dqn_shielded,2,2,2,0,1.607836127281189,0.0,1.0,0.0,0.0,1.0,0.0,0.0,0.0996679961681366,0.0,0.0,0.0,0.0996679961681366,0.0,0.0,0.0,0.0,0.0,0.049958374351263046,0.03748243302106857,0.049958374351263046,0.021647252142429352,0.875,0.0,0.0,1.0,0.0,-3.3530099391937256,-1.6534885168075562,-0.04565233737230301,-2.3188154697418213,1,1,1,1
525.0,1491,6,dqn_shielded,0,0,0,0,2.1669459342956543,1.0,0.0,0.0,0.0,1.0,0.0,0.0,0.0,0.0,0.0,0.0,0.0,0.0,0.0,0.0,0.0,0.0,0.0,0.03748243302106857,0.049958374351263046,0.021647252142429352,0.875,0.0,0.0,0.0,1.0,0.20563451945781708,-1.9613113403320312,-2.147249698638916,-2.0619471073150635,1,1,1,1
530.0,1491,1,dqn_shielded,0,0,0,0,7.0909199714660645,1.0,0.0,0.0,0.0,0.0,-0.29131263494491577,0.0,-0.0996679961681366,0.0,0.0,0.0,0.1973753273487091,0.0,0.29131263494491577,0.0,0.29131263494491577,0.0,0.0996679961681366,0.06241874769330025,0.0996679961681366,0.04143407568335533,0.8833333253860474,1.0,0.0,0.0,0.0,-0.3841160237789154,-7.475036144256592,-7.797916889190674,-8.855010986328125,1,0,0,0
530.0,1491,2,dqn_shielded,0,0,0,0,8.409585952758789,1.0,0.0,0.0,0.0,0.0,0.0,0.0,0.0996679961681366,0.0,0.0,0.0,0.0996679961681366,0.0,0.0,0.0,0.0,0.0,0.049958374351263046,0.06241874769330025,0.0996679961681366,0.04143407568335533,0.8833333253860474,0.0,1.0,0.0,0.0,-0.060667216777801514,-8.634079933166504,-8.470252990722656,-10.143268585205078,1,0,0,0
530.0,1491,5,dqn_shielded,2,2,2,0,6.53900671005249,0.0,0.0,1.0,0.0,0.0,0.1973753273487091,0.0,0.0,0.0,0.1973753273487091,0.0,0.0,0.0,0.0,0.0,0.0,0.0,0.0996679961681366,0.06241874769330025,0.0996679961681366,0.04143407568335533,0.8833333253860474,0.0,0.0,1.0,0.0,-6.766430377960205,-8.470850944519043,-0.22742366790771484,-7.525015830993652,0,0,1,0
530.0,1491,6,dqn_shielded,0,0,0,0,1.9337646961212158,1.0,0.0,0.0,0.0,1.0,0.0,0.0,0.0,0.0,0.0,0.0,0.0,0.0,0.0,0.0,0.0,0.0,0.0,0.06241874769330025,0.0996679961681366,0.04143407568335533,0.8833333253860474,0.0,0.0,0.0,1.0,0.21716511249542236,-1.9450126886367798,-1.8601182699203491,-1.7165995836257935,1,1,1,1
535.0,1491,1,dqn_shielded,1,1,1,0,1.2163910865783691,1.0,0.0,0.0,0.0,1.0,-0.5370495915412903,0.0,-0.29131263494491577,0.0,0.0,0.0,0.29131263494491577,0.0,0.5370495915412903,0.0,0.5370495915412903,0.0,0.14888502657413483,0.11202777922153473,0.14888502657413483,0.06486071646213531,0.8916666507720947,1.0,0.0,0.0,0.0,-4.00321102142334,-1.053321123123169,-2.65136981010437,-2.269712209701538,0,1,0,1
535.0,1491,2,dqn_shielded,2,2,2,0,3.4633755683898926,1.0,0.0,0.0,0.0,1.0,0.0,0.0,0.29131263494491577,0.0,0.0,0.0,0.29131263494491577,0.0,0.0,0.0,0.0,0.0,0.14888502657413483,0.11202777922153473,0.14888502657413483,0.06486071646213531,0.8916666507720947,0.0,1.0,0.0,0.0,-3.8894495964050293,-5.071082592010498,-0.42607414722442627,-4.151064872741699,0,0,1,0
535.0,1491,5,dqn_shielded,0,0,0,0,2.5792198181152344,0.0,0.0,1.0,0.0,1.0,0.29131263494491577,0.0,0.0,0.0,0.29131263494491577,0.0,0.0,0.0,0.0,0.0,0.0,0.0,0.14888502657413483,0.11202777922153473,0.14888502657413483,0.06486071646213531,0.8916666507720947,0.0,0.0,1.0,0.0,-0.291258305311203,-2.906172752380371,-3.8232011795043945,-2.8704781532287598,1,0,0,0
535.0,1491,6,dqn_shielded,0,0,0,0,1.5417656898498535,1.0,0.0,0.0,0.0,1.0,0.0,0.0,0.0,0.0,0.0,0.0,0.0,0.0,0.0,0.0,0.0,0.0,0.0,0.11202777922153473,0.14888502657413483,0.06486071646213531,0.8916666507720947,0.0,0.0,0.0,1.0,0.21736280620098114,-1.8361010551452637,-1.484360694885254,-1.324402928352356,1,1,1,1
540.0,1491,1,dqn_shielded,1,1,1,0,6.411731719970703,0.0,1.0,0.0,0.0,0.0,-0.1973753273487091,0.0,0.0996679961681366,0.0,0.0,0.0,0.29131263494491577,0.0,0.1973753273487091,0.0,0.1973753273487091,0.0,0.14888502657413483,0.06241874769330025,0.14888502657413483,0.06486071646213531,0.8999999761581421,1.0,0.0,0.0,0.0,-7.031916618347168,-0.6201846599578857,-7.29704475402832,-8.524810791015625,0,1,0,0
540.0,1491,2,dqn_shielded,2,2,2,0,7.895262718200684,0.0,0.0,1.0,0.0,0.0,0.0,0.0,0.1973753273487091,0.0,0.0,0.0,0.1973753273487091,0.0,0.0,0.0,0.0,0.0,0.0996679961681366,0.06241874769330025,0.14888502657413483,0.06486071646213531,0.8999999761581421,0.0,1.0,0.0,0.0,-9.712303161621094,-8.069448471069336,-0.1741858720779419,-8.23154067993164,0,0,1,0
540.0,1491,5,dqn_shielded,0,0,0,0,8.608833312988281,1.0,0.0,0.0,0.0,0.0,0.0,0.0,0.0,0.0,0.0,0.0,0.0,0.0,0.0,0.0,0.0,0.0,0.0,0.06241874769330025,0.14888502657413483,0.06486071646213531,0.8999999761581421,0.0,0.0,1.0,0.0,-0.07211494445800781,-8.680948257446289,-8.970582962036133,-10.232460021972656,1,0,0,0
540.0,1491,6,dqn_shielded,0,0,0,0,1.7420026063919067,1.0,0.0,0.0,0.0,1.0,0.0,0.0,0.0,0.0,0.0,0.0,0.0,0.0,0.0,0.0,0.0,0.0,0.0,0.06241874769330025,0.14888502657413483,0.06486071646213531,0.8999999761581421,0.0,0.0,0.0,1.0,0.23239055275917053,-1.933034896850586,-1.6673166751861572,-1.5096120834350586,1,1,1,1
545.0,1491,1,dqn_shielded,2,2,2,0,3.4813318252563477,0.0,1.0,0.0,0.0,1.0,0.0996679961681366,0.0,0.46211719512939453,0.0,0.0996679961681366,0.0,0.46211719512939453,0.0,0.0,0.0,0.0,0.0,0.2913126051425934,0.07485969364643097,0.2913126051425934,0.1291780024766922,0.9083333611488342,1.0,0.0,0.0,0.0,-4.436835289001465,-4.844819068908691,-0.9555034637451172,-4.519392013549805,0,0,1,0
545.0,1491,2,dqn_shielded,2,2,2,0,1.6987875699996948,0.0,0.0,1.0,0.0,1.0,0.0,0.0,0.0,0.0,0.0,0.0,0.0,0.0,0.0,0.0,0.0,0.0,0.0,0.07485969364643097,0.2913126051425934,0.1291780024766922,0.9083333611488342,0.0,1.0,0.0,0.0,-2.978315830230713,-1.7579940557479858,-0.059206523001194,-2.018846035003662,1,1,1,1
545.0,1491,5,dqn_shielded,0,0,0,0,1.7041666507720947,1.0,0.0,0.0,0.0,1.0,0.0,0.0,0.0,0.0,0.0,0.0,0.0,0.0,0.0,0.0,0.0,0.0,0.0,0.07485969364643097,0.2913126051425934,0.1291780024766922,0.9083333611488342,0.0,0.0,1.0,0.0,0.1653222143650055,-1.5388444662094116,-2.006199836730957,-1.616075038909912,1,1,1,1
545.0,1491,6,dqn_shielded,0,0,0,0,1.354125738143921,1.0,0.0,0.0,0.0,1.0,0.0,0.0,0.0,0.0,0.0,0.0,0.0,0.0,0.0,0.0,0.0,0.0,0.0,0.07485969364643097,0.2913126051425934,0.1291780024766922,0.9083333611488342,0.0,0.0,0.0,1.0,0.24119262397289276,-1.8636747598648071,-1.1844794750213623,-1.1129331588745117,1,1,1,1
550.0,1491,1,dqn_shielded,2,2,2,0,5.595881462097168,0.0,0.0,1.0,0.0,0.0,0.1973753273487091,0.0,0.29131263494491577,0.0,0.1973753273487091,0.0,0.29131263494491577,0.0,0.0,0.0,0.0,0.0,0.24491865932941437,0.0996679961681366,0.24491865932941437,0.10567004978656769,0.9166666865348816,1.0,0.0,0.0,0.0,-6.293638229370117,-8.116698265075684,-0.6977568864822388,-7.7652482986450195,0,0,1,0
550.0,1491,2,dqn_shielded,2,2,2,0,1.6493815183639526,0.0,0.0,1.0,0.0,1.0,0.0,0.0,0.0,0.0,0.0,0.0,0.0,0.0,0.0,0.0,0.0,0.0,0.0,0.0996679961681366,0.24491865932941437,0.10567004978656769,0.9166666865348816,0.0,1.0,0.0,0.0,-2.9521470069885254,-1.7000099420547485,-0.050628408789634705,-2.021153688430786,1,1,1,1
550.0,1491,5,dqn_shielded,1,1,1,0,1.9686951637268066,1.0,0.0,0.0,0.0,1.0,-0.29131263494491577,0.0,-0.29131263494491577,0.0,0.0,0.0,0.0,0.0,0.29131263494491577,0.0,0.29131263494491577,0.0,0.0,0.0996679961681366,0.24491865932941437,0.10567004978656769,0.9166666865348816,0.0,0.0,1.0,0.0,-4.800662994384766,-0.5831177234649658,-3.181605100631714,-2.5518128871917725,0,1,0,1
550.0,1491,6,dqn_shielded,2,2,2,0,3.1878180503845215,1.0,0.0,0.0,0.0,1.0,0.0,0.0,0.29131263494491577,0.0,0.0,0.0,0.29131263494491577,0.0,0.0,0.0,0.0,0.0,0.14888502657413483,0.0996679961681366,0.24491865932941437,0.10567004978656769,0.9166666865348816,0.0,0.0,0.0,1.0,-3.3811264038085938,-4.203296184539795,-0.1933082938194275,-3.916255235671997,0,0,1,0
555.0,1491,1,dqn_shielded,0,0,0,0,1.646396517753601,0.0,0.0,1.0,0.0,1.0,0.1973753273487091,0.0,0.0,0.0,0.1973753273487091,0.0,0.0,0.0,0.0,0.0,0.0,0.0,0.0996679961681366,0.02499479241669178,0.0996679961681366,0.043274227529764175,0.925000011920929,1.0,0.0,0.0,0.0,-0.23371168971061707,-1.9190263748168945,-2.5049517154693604,-1.8801082372665405,1,1,1,1
555.0,1491,2,dqn_shielded,2,2,2,0,2.0912978649139404,0.0,0.0,1.0,0.0,1.0,0.0,0.0,0.0,0.0,0.0,0.0,0.0,0.0,0.0,0.0,0.0,0.0,0.0,0.02499479241669178,0.0996679961681366,0.043274227529764175,0.925000011920929,0.0,1.0,0.0,0.0,-2.650439977645874,-2.0372369289398193,0.05406102538108826,-2.2281930446624756,1,1,1,1
555.0,1491,5,dqn_shielded,1,1,1,0,8.757013320922852,0.0,1.0,0.0,0.0,0.0,0.0,0.0,0.0,0.0,0.0,0.0,0.0,0.0,0.0,0.0,0.0,0.0,0.0,0.02499479241669178,0.0996679961681366,0.043274227529764175,0.925000011920929,0.0,0.0,1.0,0.0,-10.697206497192383,-0.24103409051895142,-8.998047828674316,-10.570406913757324,0,1,0,0
555.0,1491,6,dqn_shielded,2,2,2,0,8.016246795654297,0.0,0.0,1.0,0.0,0.0,0.0,0.0,0.0,0.0,0.0,0.0,0.0,0.0,0.0,0.0,0.0,0.0,0.0,0.02499479241669178,0.0996679961681366,0.043274227529764175,0.925000011920929,0.0,0.0,0.0,1.0,-9.114214897155762,-8.85319995880127,0.11781561374664307,-7.898431301116943,0,0,1,0
560.0,1491,1,dqn_shielded,0,0,0,0,7.788393497467041,1.0,0.0,0.0,0.0,0.0,0.0,0.0,0.0996679961681366,0.0,0.0,0.0,0.0996679961681366,0.0,0.0,0.0,0.0,0.0,0.049958374351263046,0.012499349191784859,0.049958374351263046,0.021647252142429352,0.9333333373069763,1.0,0.0,0.0,0.0,-0.17074507474899292,-8.719961166381836,-7.9591383934021,-9.866779327392578,1,0,0,0
560.0,1491,2,dqn_shielded,2,2,2,0,2.110535144805908,0.0,0.0,1.0,0.0,1.0,0.0,0.0,0.0,0.0,0.0,0.0,0.0,0.0,0.0,0.0,0.0,0.0,0.0,0.012499349191784859,0.049958374351263046,0.021647252142429352,0.9333333373069763,0.0,1.0,0.0,0.0,-2.5799825191497803,-2.0720760822296143,0.03845900297164917,-2.3442294597625732,1,1,1,1
560.0,1491,5,dqn_shielded,1,1,1,0,2.3218812942504883,0.0,1.0,0.0,0.0,1.0,0.0,0.0,0.0,0.0,0.0,0.0,0.0,0.0,0.0,0.0,0.0,0.0,0.0,0.012499349191784859,0.049958374351263046,0.021647252142429352,0.9333333373069763,0.0,0.0,1.0,0.0,-3.539971351623535,-0.18302011489868164,-2.50490140914917,-3.6931800842285156,1,1,1,1
560.0,1491,6,dqn_shielded,2,2,2,0,1.7508504390716553,0.0,0.0,1.0,0.0,1.0,0.0,0.0,0.0,0.0,0.0,0.0,0.0,0.0,0.0,0.0,0.0,0.0,0.0,0.012499349191784859,0.049958374351263046,0.021647252142429352,0.9333333373069763,0.0,0.0,0.0,1.0,-1.7870618104934692,-2.0702037811279297,0.26354271173477173,-1.4873076677322388,1,1,1,1
565.0,1491,1,dqn_shielded,2,2,2,0,1.7979447841644287,1.0,0.0,0.0,0.0,1.0,0.0,0.0,0.1973753273487091,0.0,0.0,0.0,0.1973753273487091,0.0,0.0,0.0,0.0,0.0,0.0996679961681366,0.02499479241669178,0.0996679961681366,0.043274227529764175,0.9416666626930237,1.0,0.0,0.0,0.0,-3.8284738063812256,-3.7928006649017334,-0.5393117070198059,-2.33725643157959,1,1,1,1
565.0,1491,2,dqn_shielded,2,2,2,0,2.0633115768432617,0.0,0.0,1.0,0.0,1.0,0.0,0.0,0.0,0.0,0.0,0.0,0.0,0.0,0.0,0.0,0.0,0.0,0.0,0.02499479241669178,0.0996679961681366,0.043274227529764175,0.9416666626930237,0.0,1.0,0.0,0.0,-2.6201424598693848,-2.008288860321045,0.0550227165222168,-2.2373046875,1,1,1,1
565.0,1491,5,dqn_shielded,1,1,1,0,2.3155152797698975,0.0,1.0,0.0,0.0,1.0,0.0,0.0,0.0,0.0,0.0,0.0,0.0,0.0,0.0,0.0,0.0,0.0,0.0,0.02499479241669178,0.0996679961681366,0.043274227529764175,0.9416666626930237,0.0,0.0,1.0,0.0,-3.3320841789245605,-0.1860491782426834,-2.5015645027160645,-3.4403939247131348,1,1,1,1
565.0,1491,6,dqn_shielded,2,2,2,0,1.6456193923950195,0.0,0.0,1.0,0.0,1.0,0.0,0.0,0.0,0.0,0.0,0.0,0.0,0.0,0.0,0.0,0.0,0.0,0.0,0.02499479241669178,0.0996679961681366,0.043274227529764175,0.9416666626930237,0.0,0.0,0.0,1.0,-2.004627227783203,-2.1610469818115234,0.2627817392349243,-1.3828376531600952,1,1,1,1
570.0,1491,1,dqn_shielded,2,2,2,0,8.344767570495605,0.0,0.0,1.0,0.0,0.0,0.0,0.0,0.0,0.0,0.0,0.0,0.0,0.0,0.0,0.0,0.0,0.0,0.0,0.012499349191784859,0.049958374351263046,0.021647252142429352,0.949999988079071,1.0,0.0,0.0,0.0,-9.3271484375,-9.171467781066895,-0.3686872124671936,-8.713455200195312,0,0,1,0
570.0,1491,2,dqn_shielded,0,0,0,0,1.9384528398513794,0.0,0.0,1.0,0.0,1.0,0.0996679961681366,0.0,0.0,0.0,0.0996679961681366,0.0,0.0,0.0,0.0,0.0,0.0,0.0,0.049958374351263046,0.012499349191784859,0.049958374351263046,0.021647252142429352,0.949999988079071,0.0,1.0,0.0,0.0,0.004728406667709351,-1.9337244033813477,-2.138411521911621,-2.198634386062622,1,1,1,1
570.0,1491,5,dqn_shielded,1,1,1,0,2.335322380065918,0.0,1.0,0.0,0.0,1.0,0.0,0.0,0.0,0.0,0.0,0.0,0.0,0.0,0.0,0.0,0.0,0.0,0.0,0.012499349191784859,0.049958374351263046,0.021647252142429352,0.949999988079071,0.0,0.0,1.0,0.0,-3.5441622734069824,-0.17624175548553467,-2.511564254760742,-3.6998085975646973,1,1,1,1
570.0,1491,6,dqn_shielded,2,2,2,0,1.7516404390335083,0.0,0.0,1.0,0.0,1.0,0.0,0.0,0.0,0.0,0.0,0.0,0.0,0.0,0.0,0.0,0.0,0.0,0.0,0.012499349191784859,0.049958374351263046,0.021647252142429352,0.949999988079071,0.0,0.0,0.0,1.0,-1.7606838941574097,-2.066689968109131,0.26251688599586487,-1.4891235828399658,1,1,1,1
575.0,1491,1,dqn_shielded,1,1,1,0,1.7115850448608398,0.0,0.0,1.0,0.0,1.0,-0.0996679961681366,0.0,-0.0996679961681366,0.0,0.0,0.0,0.0,0.0,0.0996679961681366,0.0,0.0996679961681366,0.0,0.0,0.012499349191784859,0.049958374351263046,0.021647252142429352,0.9583333134651184,1.0,0.0,0.0,0.0,-2.1068925857543945,-0.3953075408935547,-2.267977476119995,-4.5075483322143555,1,1,1,1
575.0,1491,2,dqn_shielded,0,0,0,0,8.692054748535156,1.0,0.0,0.0,0.0,0.0,0.0,0.0,0.0,0.0,0.0,0.0,0.0,0.0,0.0,0.0,0.0,0.0,0.0,0.012499349191784859,0.049958374351263046,0.021647252142429352,0.9583333134651184,0.0,1.0,0.0,0.0,-0.05173081159591675,-8.743785858154297,-8.849769592285156,-10.254016876220703,1,0,0,0
575.0,1491,5,dqn_shielded,0,0,0,0,1.8279266357421875,0.0,1.0,0.0,0.0,1.0,0.0996679961681366,0.0,0.0,0.0,0.0996679961681366,0.0,0.0,0.0,0.0,0.0,0.0,0.0,0.049958374351263046,0.012499349191784859,0.049958374351263046,0.021647252142429352,0.9583333134651184,0.0,0.0,1.0,0.0,-0.18127363920211792,-2.00920033454895,-3.4441282749176025,-3.5457406044006348,1,1,1,1
575.0,1491,6,dqn_shielded,2,2,2,0,1.7519700527191162,0.0,0.0,1.0,0.0,1.0,0.0,0.0,0.0,0.0,0.0,0.0,0.0,0.0,0.0,0.0,0.0,0.0,0.0,0.012499349191784859,0.049958374351263046,0.021647252142429352,0.9583333134651184,0.0,0.0,0.0,1.0,-1.7473909854888916,-2.0647895336151123,0.26199060678482056,-1.4899795055389404,1,1,1,1
580.0,1491,1,dqn_shielded,1,1,1,0,7.943334102630615,0.0,1.0,0.0,0.0,0.0,0.0,0.0,0.0,0.0,0.0,0.0,0.0,0.0,0.0,0.0,0.0,0.0,0.0,0.012499349191784859,0.049958374351263046,0.021647252142429352,0.9666666388511658,1.0,0.0,0.0,0.0,-9.886334419250488,-0.3293806314468384,-8.272714614868164,-10.192694664001465,0,1,0,0
580.0,1491,2,dqn_shielded,0,0,0,0,1.9952503442764282,1.0,0.0,0.0,0.0,1.0,0.0,0.0,0.0,0.0,0.0,0.0,0.0,0.0,0.0,0.0,0.0,0.0,0.0,0.012499349191784859,0.049958374351263046,0.021647252142429352,0.9666666388511658,0.0,1.0,0.0,0.0,0.006813898682594299,-1.9884364604949951,-2.3861637115478516,-2.8439509868621826,1,1,1,1
580.0,1491,5,dqn_shielded,0,0,0,0,8.281819343566895,1.0,0.0,0.0,0.0,0.0,0.0,0.0,0.0996679961681366,0.0,0.0,0.0,0.0996679961681366,0.0,0.0,0.0,0.0,0.0,0.049958374351263046,0.012499349191784859,0.049958374351263046,0.021647252142429352,0.9666666388511658,0.0,0.0,1.0,0.0,-0.05894434452056885,-8.340764045715332,-8.626470565795898,-10.090535163879395,1,0,0,0
580.0,1491,6,dqn_shielded,2,2,2,0,1.7523245811462402,0.0,0.0,1.0,0.0,1.0,0.0,0.0,0.0,0.0,0.0,0.0,0.0,0.0,0.0,0.0,0.0,0.0,0.0,0.012499349191784859,0.049958374351263046,0.021647252142429352,0.9666666388511658,0.0,0.0,0.0,1.0,-1.7340118885040283,-2.062777280807495,0.26147109270095825,-1.4908535480499268,1,1,1,1
585.0,1491,1,dqn_shielded,0,0,0,0,1.6702015399932861,0.0,1.0,0.0,0.0,1.0,0.0996679961681366,0.0,0.0,0.0,0.0996679961681366,0.0,0.0,0.0,0.0,0.0,0.0,0.0,0.049958374351263046,0.03748243302106857,0.0996679961681366,0.04143407568335533,0.9750000238418579,1.0,0.0,0.0,0.0,-0.09291344881057739,-1.7631149291992188,-3.2663674354553223,-3.7947516441345215,1,1,1,1
585.0,1491,2,dqn_shielded,0,0,0,0,1.7429120540618896,1.0,0.0,0.0,0.0,1.0,0.0,0.0,0.0,0.0,0.0,0.0,0.0,0.0,0.0,0.0,0.0,0.0,0.0,0.03748243302106857,0.0996679961681366,0.04143407568335533,0.9750000238418579,0.0,1.0,0.0,0.0,-0.0048630088567733765,-1.7477750778198242,-2.2774641513824463,-2.5883495807647705,1,1,1,1
585.0,1491,5,dqn_shielded,2,2,2,0,1.8498899936676025,1.0,0.0,0.0,0.0,1.0,0.0,0.0,0.1973753273487091,0.0,0.0,0.0,0.1973753273487091,0.0,0.0,0.0,0.0,0.0,0.0996679961681366,0.03748243302106857,0.0996679961681366,0.04143407568335533,0.9750000238418579,0.0,0.0,1.0,0.0,-3.9767539501190186,-3.313175916671753,-0.40899088978767395,-2.258880853652954,1,1,1,1
585.0,1491,6,dqn_shielded,2,2,2,0,1.6107237339019775,0.0,0.0,1.0,0.0,1.0,0.0,0.0,0.0,0.0,0.0,0.0,0.0,0.0,0.0,0.0,0.0,0.0,0.0,0.03748243302106857,0.0996679961681366,0.04143407568335533,0.9750000238418579,0.0,0.0,0.0,1.0,-1.9853585958480835,-2.1160924434661865,0.25496596097946167,-1.3557578325271606,1,1,1,1
590.0,1491,1,dqn_shielded,0,0,0,0,7.515573024749756,1.0,0.0,0.0,0.0,0.0,-0.1973753273487091,0.0,-0.0996679961681366,0.0,0.0,0.0,0.0996679961681366,0.0,0.1973753273487091,0.0,0.1973753273487091,0.0,0.049958374351263046,0.049958374351263046,0.0996679961681366,0.03534061461687088,0.9833333492279053,1.0,0.0,0.0,0.0,-0.3347296118736267,-7.850302696228027,-8.393375396728516,-9.392632484436035,1,0,0,0
590.0,1491,2,dqn_shielded,2,2,2,0,1.8926597833633423,1.0,0.0,0.0,0.0,1.0,-0.0996679961681366,0.0,0.0996679961681366,0.0,0.0,0.0,0.1973753273487091,0.0,0.0996679961681366,0.0,0.0996679961681366,0.0,0.0996679961681366,0.049958374351263046,0.0996679961681366,0.03534061461687088,0.9833333492279053,0.0,1.0,0.0,0.0,-2.865086555480957,-2.098233699798584,-0.2055739015340805,-2.210919141769409,1,1,1,1
590.0,1491,5,dqn_shielded,2,2,2,0,8.466741561889648,0.0,0.0,1.0,0.0,0.0,0.0,0.0,0.0,0.0,0.0,0.0,0.0,0.0,0.0,0.0,0.0,0.0,0.0,0.049958374351263046,0.0996679961681366,0.03534061461687088,0.9833333492279053,0.0,0.0,1.0,0.0,-10.039234161376953,-9.015966415405273,-0.13221120834350586,-8.598953247070312,0,0,1,0
590.0,1491,6,dqn_shielded,0,0,0,0,1.7888089418411255,0.0,0.0,1.0,0.0,1.0,0.0996679961681366,0.0,0.0,0.0,0.0996679961681366,0.0,0.0,0.0,0.0,0.0,0.0,0.0,0.049958374351263046,0.049958374351263046,0.0996679961681366,0.03534061461687088,0.9833333492279053,0.0,0.0,0.0,1.0,0.08994071185588837,-1.6988682746887207,-2.403820037841797,-2.064025640487671,1,1,1,1
595.0,1491,1,dqn_shielded,2,2,2,0,1.581438422203064,1.0,0.0,0.0,0.0,1.0,0.0,0.0,0.0996679961681366,0.0,0.0,0.0,0.0996679961681366,0.0,0.0,0.0,0.0,0.0,0.049958374351263046,0.012499349191784859,0.049958374351263046,0.021647252142429352,0.9916666746139526,1.0,0.0,0.0,0.0,-2.265216588973999,-3.1702535152435303,-0.343745619058609,-1.9251840114593506,1,1,1,1
595.0,1491,2,dqn_shielded,2,2,2,0,8.108563423156738,0.0,0.0,1.0,0.0,0.0,0.0,0.0,0.0,0.0,0.0,0.0,0.0,0.0,0.0,0.0,0.0,0.0,0.0,0.012499349191784859,0.049958374351263046,0.021647252142429352,0.9916666746139526,0.0,1.0,0.0,0.0,-10.634702682495117,-8.26596736907959,-0.15740424394607544,-8.550333023071289,0,0,1,0
595.0,1491,5,dqn_shielded,2,2,2,0,1.7338571548461914,0.0,0.0,1.0,0.0,1.0,0.0,0.0,0.0,0.0,0.0,0.0,0.0,0.0,0.0,0.0,0.0,0.0,0.0,0.012499349191784859,0.049958374351263046,0.021647252142429352,0.9916666746139526,0.0,0.0,1.0,0.0,-1.8375157117843628,-2.47361159324646,-0.103658527135849,-2.514923334121704,1,1,1,1
595.0,1491,6,dqn_shielded,0,0,0,0,8.203624725341797,1.0,0.0,0.0,0.0,0.0,0.0,0.0,0.0,0.0,0.0,0.0,0.0,0.0,0.0,0.0,0.0,0.0,0.0,0.012499349191784859,0.049958374351263046,0.021647252142429352,0.9916666746139526,0.0,0.0,0.0,1.0,0.2352142333984375,-7.968410015106201,-8.976964950561523,-9.931184768676758,1,0,0,0
